map_name,raw_box_size_pixel,raw_pixel_size_angstrom
emd_15230,240,1.32
emd_15264,288,0.837
emd_27384,360,0.83100003
emd_27428,300,0.85
emd_27429,256,1.03
emd_32484,160,1.245
emd_33733,300,0.82
emd_33736,256,0.82
emd_34202,256,0.829
emd_34685,400,1.06
emd_36458,800,1.087
emd_36502,800,1.087
emd_36504,800,1.087
emd_36509,800,1.087
emd_36514,800,1.087
emd_36517,800,1.087
emd_36518,800,1.087
emd_36523,800,1.087
emd_36525,800,1.087
emd_36529,800,1.087
emd_36530,800,1.087
emd_36531,800,1.087
emd_36533,800,1.087
emd_36538,800,1.087
emd_36539,800,1.087
emd_36540,800,1.087
emd_36544,800,1.087
emd_36545,800,1.087
emd_36564,800,1.087
emd_36580,800,1.087
emd_36585,800,1.087
emd_14778,256,0.889
emd_14960,256,0.889
emd_15265,288,0.837
emd_16155,520,0.829
emd_16493,400,0.86
emd_16678,560,0.7303
emd_27459,300,1.083
emd_33590,224,1.014
emd_33735,336,0.82
emd_33738,256,0.82
emd_33740,256,0.82
emd_33866,256,1.08
emd_33930,256,0.86
emd_36499,800,1.087
emd_36501,800,1.087
emd_36503,800,1.087
emd_36511,800,1.087
emd_36513,800,1.087
emd_36515,800,1.087
emd_36519,800,1.087
emd_36527,800,1.087
emd_36528,800,1.087
emd_36542,800,1.087
emd_36543,800,1.087
emd_36550,800,1.087
emd_36553,800,1.087
emd_36555,800,1.087
emd_36556,800,1.087
emd_36557,800,1.087
emd_36561,800,1.087
emd_36565,800,1.087
emd_36567,800,1.087
emd_36568,800,1.087
emd_36583,800,1.087
emd_36584,800,1.087
emd_36586,800,1.087
emd_36587,800,1.087
emd_36588,800,1.087
emd_13981,540,0.83
emd_14801,256,0.889
emd_14852,256,0.889
emd_16519,376,1.6000001
emd_27391,640,1.245
emd_27684,320,0.8349999
emd_27717,180,1.48
emd_29299,256,1.09375
emd_29603,352,0.828
emd_33588,224,1.014
emd_33639,256,0.858
emd_33739,256,0.82
emd_33868,256,1.08
emd_33869,256,1.08
emd_34216,256,1.0979
emd_34496,256,1.014
emd_35592,240,0.9066
emd_35810,800,1.087
emd_36374,840,0.93
emd_36500,800,1.087
emd_36520,800,1.087
emd_36521,800,1.087
emd_36524,800,1.087
emd_36526,800,1.087
emd_36536,800,1.087
emd_36549,800,1.087
emd_36551,800,1.087
emd_36552,800,1.087
emd_36554,800,1.087
emd_36581,800,1.087
emd_36591,800,1.087
emd_40184,300,0.825
emd_40619,512,1.34
emd_40960,320,0.7888
emd_16145,540,1.304
emd_16327,300,1.07
emd_16344,300,1.07
emd_17114,320,1.08
emd_17117,320,1.08
emd_26258,240,1.056
emd_26260,240,1.056
emd_26261,240,1.056
emd_27483,240,1.056
emd_27630,320,0.8349999
emd_28869,320,0.82799995
emd_29247,384,1.08
emd_29390,700,1.08
emd_29392,400,1.08
emd_29553,288,0.83
emd_29572,288,0.842
emd_29903,256,1.36
emd_29978,224,1.115
emd_29979,224,1.115
emd_33685,400,1.1
emd_33686,400,1.1
emd_34124,512,0.82
emd_34126,512,0.82
emd_34128,512,0.82
emd_34130,512,0.82
emd_34133,512,0.82
emd_34135,512,0.82
emd_34181,512,0.82
emd_34497,256,1.04
emd_34551,256,0.8584
emd_34586,288,0.8584
emd_36409,200,0.85
emd_36450,256,1.32
emd_36451,256,1.32
emd_40683,240,1.056
emd_40686,240,1.056
emd_16144,300,1.2384
emd_16357,256,1.09
emd_17207,300,1.02
emd_27854,546,0.665
emd_27855,500,0.8261
emd_27857,512,0.665
emd_27858,500,0.8261
emd_27867,500,0.665
emd_27868,500,0.83
emd_27869,500,0.648
emd_27876,500,0.8261
emd_27877,500,0.83
emd_27878,500,0.8261
emd_27879,500,0.8261
emd_27880,686,0.525
emd_27884,512,0.8261
emd_27889,320,1.08
emd_27890,320,1.08
emd_28870,320,0.82799995
emd_28871,320,0.82799995
emd_28983,400,0.834
emd_29389,400,1.08
emd_34134,512,0.82
emd_35609,384,0.83
emd_35610,384,0.83
emd_35611,384,0.82
emd_35613,384,0.82
emd_35617,384,0.82
emd_36459,256,1.32
emd_40070,512,0.8248
emd_40071,512,0.8248
emd_40072,360,0.8248
emd_40073,360,0.8248
emd_40074,360,0.8248
emd_40075,360,0.8248
emd_40076,320,0.8248
emd_40621,512,1.39
emd_40684,240,1.056
emd_40691,240,1.056
emd_15577,700,0.846
emd_27487,324,0.8899999
emd_27947,560,1.2
emd_28532,512,0.67
emd_28533,512,0.67
emd_28982,400,0.834
emd_28990,400,0.834
emd_29003,360,1.149
emd_29683,300,1.0
emd_29691,360,0.872
emd_29701,360,0.872
emd_29717,360,0.872
emd_33637,256,1.0825
emd_33638,256,1.0825
emd_33644,158,0.82899994
emd_34066,348,0.8584
emd_34479,256,1.1
emd_34480,256,1.1
emd_34644,280,0.834
emd_34902,480,0.55467
emd_35369,280,0.67
emd_35686,200,1.08
emd_35830,256,1.08
emd_35928,280,0.834
emd_35930,256,0.82
emd_36167,360,1.071
emd_36170,360,1.071
emd_36175,360,1.071
emd_36177,360,1.045
emd_40735,360,1.115
emd_40738,600,1.115
emd_16214,400,0.832
emd_26348,420,0.873
emd_27317,580,0.65
emd_27951,560,1.1
emd_28845,300,1.0
emd_28984,400,0.834
emd_28985,400,0.834
emd_28989,400,0.834
emd_29071,384,1.056
emd_29640,300,1.0
emd_29676,300,1.0
emd_29690,360,0.872
emd_29716,360,0.872
emd_29859,300,1.0
emd_33451,320,0.849
emd_33632,256,1.0979
emd_34030,320,0.822
emd_34478,256,1.1
emd_34645,280,0.834
emd_34710,246,1.06
emd_35158,260,0.858
emd_35647,448,1.62
emd_35648,448,1.62
emd_35650,448,1.62
emd_35656,448,1.62
emd_35659,448,1.62
emd_35695,448,1.62
emd_35945,384,0.819
emd_36166,360,1.071
emd_36168,360,1.071
emd_36176,360,1.071
emd_40669,360,1.115
emd_40675,128,1.44
emd_16713,480,0.82199997
emd_16714,480,0.82199997
emd_16716,300,0.822
emd_16717,480,0.82199997
emd_17206,320,0.95625
emd_17446,480,0.82199997
emd_17447,480,0.82199997
emd_27593,400,0.84599996
emd_27825,256,1.05
emd_28961,256,0.87
emd_29917,256,0.87
emd_35585,448,1.62
emd_35589,448,1.62
emd_35593,448,1.62
emd_35644,448,1.62
emd_35645,448,1.62
emd_35913,256,0.73
emd_35914,256,0.824
emd_35915,256,0.824
emd_35954,448,1.62
emd_35955,448,1.62
emd_35956,448,1.62
emd_35957,448,1.62
emd_35958,448,1.62
emd_35976,256,1.632
emd_36221,360,1.045
emd_36227,360,1.071
emd_36286,360,1.071
emd_36287,360,1.045
emd_40346,320,1.05
emd_41052,360,1.05
emd_41055,360,1.115
emd_15070,448,0.862
emd_16036,200,1.059
emd_16827,384,0.96
emd_16894,500,1.065
emd_16896,500,1.065
emd_16897,512,1.06
emd_16899,512,1.06
emd_27257,250,1.284
emd_27259,250,1.284
emd_27261,240,1.07
emd_27269,256,1.15
emd_27719,320,0.82799995
emd_27737,320,0.82799995
emd_27739,320,0.82799995
emd_27756,320,1.029
emd_28732,480,1.079
emd_28733,240,2.112
emd_29416,420,0.828
emd_29533,512,0.675
emd_29658,200,1.029
emd_33559,320,0.84
emd_33563,280,0.95314
emd_33564,320,0.834
emd_33565,320,0.834
emd_33845,256,1.1
emd_34237,320,0.834
emd_34373,840,0.93
emd_34443,220,0.85
emd_34896,288,1.1
emd_35193,288,0.865
emd_35632,260,0.93
emd_35642,320,0.9599999
emd_40557,340,0.8299999
emd_40905,360,0.66
emd_40907,360,0.66
emd_15065,400,0.889
emd_15092,200,1.24652
emd_15093,200,1.2555
emd_16212,400,0.832
emd_16898,512,1.06
emd_17539,384,1.118
emd_17540,384,1.1
emd_26349,420,0.873
emd_27260,230,1.07
emd_27707,320,0.82799995
emd_27724,210,1.16
emd_27751,320,0.82799995
emd_29412,420,0.828
emd_29413,420,0.828
emd_29414,420,0.828
emd_29417,420,0.828
emd_29534,512,0.675
emd_33566,320,0.834
emd_33567,320,0.834
emd_33570,240,0.82
emd_33849,300,1.0825
emd_33850,300,1.0825
emd_33852,300,1.0825
emd_34209,400,0.8489999
emd_34214,320,0.82
emd_34403,700,1.2
emd_35197,256,1.0825
emd_35198,256,1.0825
emd_35630,260,0.93
emd_35641,384,0.832
emd_35643,320,0.9599999
emd_35975,256,1.0979
emd_40455,600,0.415
emd_15026,384,0.44999996
emd_15290,300,1.065
emd_16037,300,1.059
emd_16038,300,1.059
emd_16040,500,1.084
emd_16427,260,1.145
emd_17462,288,0.832
emd_17541,256,1.69
emd_27693,380,1.045
emd_27708,320,0.82799995
emd_27720,320,0.82799995
emd_28734,168,1.6512
emd_28735,480,1.079
emd_28737,150,2.112
emd_28738,200,2.112
emd_28893,288,1.0694
emd_29365,200,1.06
emd_29366,300,0.84
emd_29415,420,0.828
emd_32770,360,1.07
emd_33507,200,1.0742
emd_33848,300,1.0825
emd_34084,400,1.096
emd_34380,840,0.93
emd_34381,840,0.93
emd_34382,840,0.93
emd_34384,840,0.93
emd_34404,700,1.2
emd_34405,700,1.2
emd_34893,440,1.1
emd_34894,384,1.1
emd_34897,384,1.1
emd_34899,336,1.1
emd_35205,500,0.858
emd_15291,300,1.065
emd_15674,450,0.848
emd_15773,450,0.848
emd_15861,320,1.1
emd_16070,520,1.304
emd_16264,300,0.83
emd_16428,260,1.145
emd_16429,260,1.1
emd_16430,260,1.1
emd_27096,256,1.1
emd_27206,480,0.83
emd_27441,558,0.675
emd_28181,200,1.15
emd_28182,300,1.15
emd_28183,300,1.045
emd_28184,300,1.15
emd_28576,288,1.0694
emd_28577,256,0.87
emd_28594,256,0.83
emd_28892,288,1.056
emd_29607,400,1.32
emd_32772,360,1.04
emd_33448,320,0.8433
emd_33527,300,1.04
emd_33594,360,0.75
emd_35043,256,1.07
emd_35201,384,1.105
emd_35204,320,0.858
emd_35685,200,1.045
emd_35687,200,1.071
emd_40177,352,1.07
emd_40659,352,0.86
emd_40660,352,0.86
emd_15022,400,0.65
emd_15289,300,1.065
emd_15293,360,0.86
emd_15715,560,0.455
emd_15721,560,0.455
emd_15778,320,1.1
emd_15846,320,1.1
emd_15847,320,1.1
emd_16044,540,1.304
emd_16113,400,0.827
emd_17088,296,0.714
emd_26832,300,1.096
emd_27205,480,0.83
emd_27207,480,0.83
emd_27702,320,1.08
emd_28178,256,1.15
emd_28586,200,1.08
emd_28826,288,1.0694
emd_28933,400,1.08
emd_28934,400,1.08
emd_28935,400,1.08
emd_28954,160,1.65
emd_32989,256,1.318
emd_32993,256,1.318
emd_33053,360,0.89
emd_33503,256,1.045
emd_33514,300,0.8374
emd_33519,200,1.17
emd_35050,256,1.07
emd_40235,320,1.11
emd_40236,320,1.11
emd_40237,320,1.11
emd_40890,320,1.26
emd_14989,448,0.862
emd_14995,380,0.65
emd_15011,384,0.654
emd_15012,384,0.654
emd_15014,384,0.654
emd_15553,400,1.06
emd_29425,600,0.908
emd_16649,600,1.34
emd_13982,540,0.83
emd_14925,256,1.0635
emd_16445,384,0.85999995
emd_17085,432,0.65099996
emd_26814,360,1.068
emd_28858,288,1.16
emd_28860,360,0.84
emd_29428,256,1.05
emd_29431,256,1.05
emd_29432,256,1.05
emd_29434,256,1.05
emd_29436,256,1.05
emd_29438,256,1.05
emd_29444,256,1.05
emd_29460,256,1.05
emd_29461,256,1.05
emd_29462,256,1.05
emd_29463,256,1.05
emd_29464,256,1.05
emd_29465,256,1.053
emd_29467,256,1.053
emd_29468,256,1.053
emd_29469,256,1.053
emd_29471,256,1.053
emd_29472,256,1.053
emd_29474,256,1.053
emd_29476,256,1.053
emd_29477,256,1.053
emd_29527,512,0.52
emd_29528,512,0.52
emd_29529,512,0.52
emd_40038,256,1.08
emd_40246,400,0.832
emd_40247,400,0.832
emd_40554,440,1.447
emd_14146,520,1.05
emd_14851,360,0.83100003
emd_14862,200,1.2463
emd_15471,256,1.145
emd_16147,216,1.026
emd_16449,200,1.134
emd_16826,400,0.76
emd_26811,200,1.62
emd_26815,240,1.068
emd_26985,256,1.083
emd_26998,300,0.852
emd_27000,300,0.852
emd_27001,300,0.852
emd_27006,300,0.852
emd_27007,300,0.852
emd_28107,216,1.08
emd_28262,300,1.08
emd_28263,300,1.08
emd_28264,300,1.08
emd_28859,320,0.84
emd_28959,192,1.079
emd_29684,320,0.825
emd_29740,220,0.83
emd_29981,256,0.825
emd_29982,256,0.785
emd_29983,320,0.645
emd_34225,384,0.73
emd_34276,192,1.3866669
emd_34277,256,1.04
emd_34278,256,1.04
emd_34470,512,0.752
emd_34842,256,0.824
emd_34843,200,1.04
emd_34846,250,0.824
emd_40036,256,0.95
emd_40044,416,0.743
emd_40045,256,1.08
emd_14859,300,0.831
emd_16148,216,1.026
emd_16149,216,1.016
emd_16223,360,1.06
emd_16335,400,1.05
emd_26859,256,1.07325
emd_27807,288,0.88
emd_28101,216,1.08
emd_28214,300,1.08
emd_28217,300,1.08
emd_28232,300,1.08
emd_28571,440,0.85
emd_28572,440,0.85
emd_28756,400,1.32
emd_29017,600,0.825
emd_29329,240,0.9
emd_29657,300,0.86
emd_29773,360,1.3
emd_29775,360,1.3
emd_29984,320,0.8349999
emd_33513,288,0.9599999
emd_33599,350,1.38
emd_34094,384,0.82
emd_34095,384,0.82
emd_34469,512,0.752
emd_34488,512,0.752
emd_35302,480,1.37
emd_40162,304,1.096
emd_40228,720,1.85
emd_40671,276,0.86
emd_14804,416,1.41
emd_16336,300,1.05
emd_16339,300,1.05
emd_26915,300,1.08
emd_27804,288,0.88
emd_27805,288,0.88
emd_28271,300,1.08
emd_28377,300,1.08
emd_28465,300,1.08
emd_28554,320,0.88
emd_28573,360,0.85
emd_29772,360,1.3
emd_32074,480,1.087
emd_33169,256,0.829
emd_33205,256,1.082
emd_33229,180,1.087
emd_33238,256,1.1
emd_33239,256,1.1
emd_33240,384,1.1
emd_33322,200,1.052
emd_33354,300,0.87
emd_33356,300,0.87
emd_33358,300,0.87
emd_33474,240,1.014
emd_33512,256,0.96
emd_34996,320,1.06
emd_34997,320,1.06
emd_35000,320,1.06
emd_35004,320,1.06
emd_35092,360,1.087
emd_35093,360,1.087
emd_14760,400,0.573
emd_16338,400,1.05
emd_16343,400,1.05
emd_16365,300,1.05
emd_16366,200,1.05
emd_16368,200,1.05
emd_16369,400,1.05
emd_16703,384,0.93
emd_16706,384,0.93
emd_16884,320,1.25
emd_26004,288,1.06
emd_26740,256,1.07325
emd_27823,324,1.16
emd_27826,512,1.04
emd_29286,288,0.85
emd_29287,320,0.82
emd_29514,352,0.852
emd_29561,240,1.115
emd_29564,240,1.115
emd_29565,240,1.115
emd_29673,384,0.833
emd_29777,360,1.3
emd_29895,320,0.83500004
emd_29949,320,0.8349999
emd_33401,480,1.014
emd_33671,200,1.0825
emd_33675,200,1.0825
emd_33737,384,1.04
emd_34736,384,1.04
emd_34935,400,1.087
emd_35094,360,1.087
emd_35095,360,1.087
emd_35329,240,1.37
emd_35430,400,1.25
emd_35431,400,1.25
emd_40059,220,1.33
emd_14754,280,0.837
emd_14755,280,0.837
emd_14756,280,0.837
emd_14757,280,0.837
emd_14758,380,0.573
emd_14759,280,0.837
emd_14761,280,0.837
emd_14762,280,1.046
emd_15231,326,0.8600001
emd_16705,384,0.93
emd_16707,384,0.93
emd_16708,384,0.93
emd_16709,384,0.93
emd_16710,384,0.93
emd_16711,384,0.93
emd_16712,384,0.93
emd_26706,320,1.083
emd_26722,384,1.0428
emd_28162,320,0.855
emd_28200,320,0.873
emd_28556,200,1.1
emd_28557,200,1.1
emd_29284,288,0.85
emd_29735,300,1.08
emd_29910,400,1.05
emd_32873,200,1.38
emd_32952,288,0.685
emd_33022,320,1.088
emd_33256,400,0.675
emd_33472,240,1.014
emd_33475,240,1.014
emd_33674,200,1.0825
emd_33756,196,1.1
emd_34427,384,1.1
emd_34686,512,0.82
emd_35628,240,1.014
emd_40303,224,0.95
emd_14639,288,0.837
emd_14669,288,0.837
emd_26606,256,0.825
emd_26725,384,1.0428
emd_26748,150,1.48
emd_27201,400,0.828
emd_27322,540,1.1
emd_27871,256,0.8726
emd_29374,360,0.66
emd_29521,416,0.832
emd_29543,384,0.852
emd_29544,384,0.852
emd_29545,384,0.852
emd_29638,256,0.8726
emd_29863,400,0.84300005
emd_29973,320,0.8349999
emd_33173,200,1.052
emd_33220,512,0.82
emd_33672,200,1.0825
emd_33891,320,0.83000004
emd_34687,512,0.82
emd_34905,280,1.087
emd_34937,400,1.087
emd_34939,400,1.087
emd_40283,128,1.62
emd_40286,300,1.08
emd_40290,192,1.066
emd_14594,320,0.8512
emd_14643,288,0.837
emd_14652,288,0.837
emd_14653,288,0.837
emd_14667,288,0.837
emd_14670,288,0.837
emd_14671,288,0.837
emd_14675,288,0.837
emd_14684,288,0.837
emd_14737,368,1.1
emd_14993,450,0.869
emd_15714,320,1.07
emd_15717,320,1.07
emd_16383,512,0.82
emd_16576,320,0.8512
emd_16694,400,1.092
emd_26817,512,0.848
emd_26822,640,0.72
emd_27258,256,1.12
emd_27776,320,1.08
emd_27999,300,1.245
emd_28540,520,1.03
emd_29396,448,0.83
emd_29482,400,0.84300005
emd_29516,384,0.925
emd_29520,416,0.832
emd_29757,640,0.82600003
emd_29881,320,1.07325
emd_29882,320,1.07325
emd_33175,200,1.052
emd_33177,200,1.052
emd_33403,800,1.09
emd_33708,256,0.85
emd_33710,256,0.92
emd_33796,500,0.66
emd_34016,400,1.13
emd_34627,256,1.045
emd_34632,256,1.045
emd_40275,192,1.066
emd_40280,384,1.066
emd_40282,192,1.066
emd_40288,300,1.08
emd_40289,320,1.07
emd_14564,320,0.8512
emd_14597,320,0.8512
emd_14641,288,0.837
emd_14645,288,0.837
emd_14740,216,1.29
emd_16042,280,1.05
emd_16364,256,1.06
emd_16575,320,0.8512
emd_26818,512,0.848
emd_26820,640,0.72
emd_26821,640,0.72
emd_27996,384,0.833
emd_27997,384,0.833
emd_27998,300,1.245
emd_28646,440,0.828
emd_29032,360,1.08
emd_29515,384,0.925
emd_29517,384,0.925
emd_29518,416,0.83
emd_29519,416,0.83
emd_29771,896,0.6472
emd_29836,320,1.0733
emd_29861,288,0.83
emd_29905,288,1.0733
emd_32953,288,0.685
emd_33171,200,1.052
emd_33172,200,1.052
emd_33176,200,1.052
emd_33404,800,1.09
emd_34397,300,1.014
emd_34398,280,1.1
emd_34815,790,1.4
emd_34904,240,1.087
emd_40205,640,0.82600003
emd_40274,192,1.066
emd_40281,320,1.066
emd_40287,300,1.08
emd_40291,320,1.04
emd_14561,320,0.8512
emd_14636,288,0.837
emd_14638,288,0.837
emd_14647,288,0.837
emd_14649,288,0.837
emd_14654,288,0.831
emd_14655,288,0.837
emd_14656,288,0.837
emd_14657,288,0.837
emd_14659,288,0.837
emd_14660,288,0.837
emd_14662,288,0.837
emd_14663,288,0.837
emd_14665,288,0.837
emd_14668,288,0.837
emd_14672,288,0.837
emd_14674,288,0.837
emd_14676,288,0.837
emd_14741,216,1.29
emd_15716,320,1.07
emd_16388,512,0.82
emd_16578,160,1.885
emd_16579,160,1.885
emd_16580,160,1.885
emd_16581,160,1.885
emd_16582,320,0.8512
emd_16583,160,1.885
emd_16584,160,1.885
emd_16764,160,1.885
emd_16766,160,1.885
emd_26819,512,0.848
emd_27256,256,1.12
emd_27822,400,0.828
emd_28000,300,1.245
emd_28001,300,1.245
emd_28002,300,1.245
emd_29357,400,0.84300005
emd_29759,640,0.82600003
emd_29880,320,1.07325
emd_34049,448,0.96
emd_40273,320,1.066
emd_40279,320,1.066
emd_14610,160,1.885
emd_14611,160,1.885
emd_14612,160,1.885
emd_14614,160,1.885
emd_14615,160,1.885
emd_14616,160,1.885
emd_16585,160,1.885
emd_16586,160,1.885
emd_16587,160,1.885
emd_16588,160,1.885
emd_16589,160,1.885
emd_16617,160,1.885
emd_16621,160,1.885
emd_16622,160,1.885
emd_16623,160,1.885
emd_16633,256,1.325
emd_16765,160,1.885
emd_28541,200,1.03
emd_28542,520,1.15
emd_28900,288,0.81
emd_29766,640,0.82600003
emd_29768,640,0.82600003
emd_29782,896,0.6472
emd_29870,400,0.84300005
emd_33405,800,1.09
emd_33415,512,0.778
emd_34227,384,1.4
emd_34229,288,1.4
emd_34230,384,1.4
emd_34236,384,1.4
emd_34624,256,1.045
emd_34625,256,1.045
emd_34626,256,1.045
emd_34628,256,1.045
emd_34631,256,1.045
emd_34633,256,1.045
emd_34634,256,1.045
emd_34635,256,1.045
emd_34986,384,1.05
emd_34987,384,1.05
emd_34988,384,1.05
emd_34990,384,1.05
emd_34991,384,1.05
emd_14479,486,1.1
emd_14598,320,0.8512
emd_14599,320,0.8512
emd_14601,320,0.8512
emd_14602,320,0.8512
emd_14603,320,0.8512
emd_14604,320,0.8512
emd_14605,320,0.8512
emd_14606,320,0.8512
emd_14607,320,0.8512
emd_14608,160,1.885
emd_14613,160,1.885
emd_14805,416,1.41
emd_14806,416,1.41
emd_14807,416,1.41
emd_14809,256,1.34
emd_15213,250,1.568
emd_15218,320,0.786
emd_16150,400,1.08
emd_16151,400,1.08
emd_27432,512,0.653
emd_27919,440,1.3
emd_28887,256,1.056
emd_29789,464,0.8232
emd_29790,464,0.8232
emd_29800,496,0.7125
emd_29807,496,0.824
emd_29862,400,0.82
emd_33792,260,1.06
emd_33795,280,1.071
emd_34082,256,1.048
emd_34207,256,1.074
emd_34212,256,1.074
emd_34287,256,1.1
emd_34725,800,0.668
emd_35328,512,0.82
emd_14480,486,1.1
emd_14803,320,0.945
emd_14956,408,0.905
emd_16016,270,0.832
emd_16152,400,1.08
emd_26610,552,0.86
emd_27538,330,1.2
emd_27539,240,0.99
emd_27549,256,0.891
emd_28163,260,1.056
emd_28167,260,1.069
emd_28807,288,1.06
emd_29864,400,0.82
emd_29871,360,0.91
emd_29872,240,1.365
emd_29873,240,1.365
emd_32555,320,1.046
emd_32574,320,1.046
emd_32576,320,1.064
emd_32578,320,1.064
emd_32579,320,1.046
emd_32583,320,1.064
emd_33186,360,1.076
emd_33659,400,1.06
emd_33683,400,1.06
emd_33788,280,1.071
emd_34258,512,1.08
emd_34288,256,1.1
emd_34289,256,1.1
emd_34291,256,1.1
emd_34292,256,1.1
emd_34407,512,0.832
emd_34408,512,0.832
emd_34803,108,1.162
emd_34804,108,1.162
emd_34824,104,1.4229
emd_35345,200,1.071
emd_15382,640,0.818
emd_16311,320,1.02
emd_26560,400,0.98
emd_26563,256,1.07
emd_26565,256,1.07
emd_27910,440,1.3
emd_29888,200,1.64
emd_29889,200,1.64
emd_29891,200,1.64
emd_32922,256,1.318
emd_34206,256,1.074
emd_34208,256,0.836
emd_34640,320,0.668
emd_34834,256,1.074
emd_34837,256,1.074
emd_35305,240,1.37
emd_35317,240,1.37
emd_35318,240,1.37
emd_35319,240,1.37
emd_35320,240,1.37
emd_35321,240,1.37
emd_35325,240,1.37
emd_35469,296,1.35
emd_35470,256,1.35
emd_35479,584,1.32
emd_40178,440,1.447
emd_14421,300,1.06
emd_14468,300,1.085
emd_14469,300,1.06
emd_14584,320,1.059
emd_15052,256,0.86
emd_15295,432,1.07
emd_15393,256,0.836
emd_15680,280,1.52
emd_15681,280,1.52
emd_16299,500,0.855
emd_16494,300,1.25
emd_16495,300,1.25
emd_16496,300,1.25
emd_16499,300,1.25
emd_16502,300,1.25
emd_16503,300,1.25
emd_16506,300,1.25
emd_16508,300,1.25
emd_16509,300,1.25
emd_27318,180,1.4600002
emd_27382,264,0.832
emd_28655,270,0.832
emd_28656,200,1.1
emd_28797,256,1.083
emd_29045,352,1.07
emd_29456,440,0.8322
emd_29494,400,0.825
emd_29788,496,0.824
emd_32923,256,1.318
emd_32926,256,1.318
emd_33136,224,0.85
emd_33164,300,1.34
emd_33166,760,1.34
emd_33167,600,1.34
emd_33798,280,1.071
emd_33856,400,0.8489999
emd_33859,400,0.8489999
emd_33860,400,0.8489999
emd_33875,256,1.08
emd_40033,300,0.88400006
emd_40094,480,0.825
emd_14470,300,1.06
emd_14707,400,0.86
emd_14708,400,0.828
emd_15678,224,1.658
emd_15679,224,1.658
emd_16497,300,1.25
emd_16498,300,1.25
emd_16500,300,1.25
emd_16501,300,1.25
emd_16504,300,1.25
emd_28783,256,1.08
emd_28784,256,1.08
emd_28785,256,1.08
emd_28786,324,1.083
emd_28790,324,1.083
emd_28791,324,1.083
emd_28794,256,1.083
emd_28818,320,1.04622
emd_28902,280,0.9
emd_28915,350,0.83
emd_29055,352,1.07
emd_29454,440,0.8322
emd_29491,400,0.825
emd_29507,432,1.0
emd_29509,378,1.0
emd_29510,512,1.0
emd_33168,600,1.34
emd_33330,420,1.059
emd_33547,400,0.85
emd_33806,320,1.07
emd_33855,400,0.8489999
emd_33857,400,0.8489999
emd_33873,256,1.08
emd_33874,256,1.08
emd_35399,194,0.76500005
emd_35400,188,0.765
emd_14088,916,1.365431
emd_14093,286,1.394098
emd_14562,320,1.059
emd_15554,360,0.83900005
emd_15865,480,1.25
emd_16377,400,1.03625
emd_26652,338,1.1
emd_26658,540,0.66
emd_26660,432,0.94
emd_26668,384,0.81
emd_27228,340,0.85
emd_27231,400,0.86
emd_28584,256,1.66
emd_29779,256,0.834
emd_29786,464,0.8232
emd_33135,224,0.85
emd_33138,224,0.85
emd_33145,256,1.061
emd_33146,384,0.82
emd_33162,400,2.01
emd_33163,400,2.01
emd_33170,500,1.34
emd_33538,320,1.08
emd_33778,320,1.36
emd_33780,320,1.36
emd_33805,320,1.07
emd_33811,256,0.82
emd_33812,256,0.82
emd_33813,256,0.82
emd_33814,256,0.82
emd_33816,256,0.82
emd_34115,240,0.92
emd_35526,320,0.85
emd_14090,286,1.394098
emd_14534,280,1.059
emd_15704,500,0.839
emd_15868,480,1.25
emd_25838,256,1.24
emd_26487,352,0.852
emd_26504,352,0.852
emd_26659,432,1.1
emd_27221,400,0.86
emd_27227,400,0.85
emd_28947,256,0.804
emd_28948,256,0.81625
emd_29212,240,1.447
emd_29214,416,1.447
emd_29301,256,0.88
emd_29303,256,0.87999994
emd_33147,384,0.82
emd_33154,224,0.92
emd_33155,380,0.83
emd_33789,290,1.071
emd_33791,290,1.071
emd_33793,280,0.83
emd_33837,240,0.97
emd_33919,256,1.318
emd_33920,256,1.318
emd_34029,320,0.822
emd_34073,256,1.093
emd_34674,290,1.071
emd_35135,256,1.03
emd_35223,224,0.85
emd_13984,256,2.22
emd_14554,280,1.059
emd_15648,300,0.86
emd_15651,300,0.86
emd_15652,300,0.86
emd_15971,400,0.7303
emd_16276,500,1.059
emd_16353,180,1.302
emd_26141,300,1.1
emd_26482,384,0.852
emd_27079,256,1.24
emd_27246,380,0.8600001
emd_27495,400,1.346
emd_27774,360,1.1
emd_27935,300,1.0825
emd_27944,300,1.0825
emd_28087,256,0.828
emd_28854,320,1.03
emd_28862,320,1.15
emd_28896,288,0.81
emd_29505,378,1.0
emd_29506,512,1.0
emd_29837,400,0.805
emd_29843,200,1.61
emd_29850,240,1.06
emd_32930,400,0.83
emd_33065,218,0.829
emd_33066,158,0.82899994
emd_33711,208,0.985
emd_33713,208,0.985
emd_34464,480,0.86
emd_34820,300,1.095
emd_14776,800,0.83
emd_16228,500,0.82
emd_26130,300,0.855
emd_27113,448,1.045
emd_27558,384,0.91
emd_27560,384,0.91
emd_27573,384,0.91
emd_27770,360,1.1
emd_27771,360,1.1
emd_27772,360,1.1
emd_27773,360,1.1
emd_27942,300,1.076
emd_27956,300,1.0825
emd_29019,300,0.84
emd_29852,240,1.06
emd_32249,310,1.0742
emd_32951,400,0.83
emd_32960,320,1.0825
emd_33067,158,0.82899994
emd_33315,400,0.65800005
emd_33327,400,0.65800005
emd_33429,240,0.8550001
emd_33714,256,0.985
emd_33717,256,1.167187
emd_33984,400,0.8489999
emd_33985,400,0.84150004
emd_34064,360,0.83
emd_34378,200,1.07
emd_34391,400,0.92
emd_34667,256,1.04
emd_34821,300,1.095
emd_16222,500,0.82
emd_16687,800,1.728
emd_16784,300,0.656
emd_26799,400,1.08
emd_27112,448,1.045
emd_28929,360,0.84
emd_29004,440,0.835
emd_29006,440,0.835
emd_29007,440,0.835
emd_29011,336,0.9
emd_29015,440,0.835
emd_29589,256,1.096
emd_29591,256,1.096
emd_29593,256,1.096
emd_29853,240,1.06
emd_29854,240,1.06
emd_29855,240,1.06
emd_33017,256,1.04
emd_33043,480,0.83
emd_33328,400,0.65800005
emd_33752,240,0.92
emd_34822,512,0.6747
emd_34857,400,0.6747
emd_34878,240,0.92
emd_35357,192,1.014
emd_35358,192,1.014
emd_35360,192,1.014
emd_35494,400,0.84150004
emd_35496,400,0.84150004
emd_35497,400,0.8489999
emd_35507,480,0.82
emd_35522,224,0.93
emd_35524,192,1.014
emd_35525,192,1.014
emd_35529,224,0.93
emd_15616,220,1.1717999
emd_16211,500,0.82
emd_16225,500,0.82
emd_16688,300,1.35
emd_16689,300,1.35
emd_16785,300,0.656
emd_16786,300,0.656
emd_16789,300,0.656
emd_26160,360,0.81
emd_26541,300,0.8015
emd_26686,400,1.068
emd_26689,400,1.08
emd_26703,400,1.08
emd_26941,320,1.08
emd_26989,352,0.8521
emd_27009,340,1.068
emd_27011,340,1.068
emd_27028,340,1.068
emd_28192,320,0.91999996
emd_28196,320,0.91999996
emd_28536,200,1.08
emd_28726,398,1.09
emd_28727,398,1.09
emd_29008,336,0.9
emd_29009,336,0.9
emd_29010,336,0.9
emd_29336,320,1.36
emd_29337,800,1.36
emd_32912,256,1.35
emd_33044,480,0.83
emd_33151,512,0.66
emd_33284,216,1.087
emd_33480,192,1.04
emd_33481,256,0.832
emd_33482,192,1.04
emd_33741,420,1.054
emd_34841,320,1.087
emd_35133,360,1.36
emd_35359,192,1.014
emd_13896,576,0.86
emd_13897,432,0.8600001
emd_14452,384,0.654
emd_14455,384,0.654
emd_15423,450,1.059
emd_15424,450,1.059
emd_15426,450,1.059
emd_15488,600,0.8
emd_15523,600,0.8
emd_15533,600,0.8
emd_15653,300,0.86
emd_16010,300,1.25
emd_16030,238,1.5
emd_26377,200,1.3018001
emd_26540,300,0.8015
emd_26957,576,0.65
emd_27025,256,1.02
emd_27316,576,0.65
emd_27387,192,1.278
emd_27388,192,1.278
emd_27696,384,0.87999994
emd_27697,384,0.87999994
emd_27698,384,0.87999994
emd_28272,576,0.65
emd_28274,576,0.65
emd_28275,576,0.65
emd_28649,132,2.2162423
emd_29714,300,0.88533
emd_29736,192,1.014
emd_31623,240,1.0979
emd_31626,200,1.0979
emd_31627,240,1.0979
emd_32326,240,1.06
emd_33489,280,0.849
emd_33794,500,0.66
emd_34983,288,0.832
emd_34984,256,0.832
emd_35121,360,1.06
emd_13899,432,0.82
emd_14456,384,0.654
emd_14573,400,0.86
emd_15113,512,0.829
emd_15427,450,1.059
emd_15428,450,1.059
emd_15430,450,1.059
emd_15431,450,1.059
emd_15433,450,1.059
emd_15994,300,1.25
emd_15997,300,1.25
emd_16028,238,1.5
emd_16370,160,1.885
emd_26315,320,0.831
emd_26316,320,0.831
emd_27674,416,1.048
emd_27677,416,1.048
emd_27682,416,1.048
emd_27687,416,1.048
emd_27699,320,1.08
emd_27700,320,1.08
emd_28273,576,0.65
emd_29005,200,1.04
emd_29393,256,1.083
emd_29513,256,1.083
emd_29535,256,1.083
emd_29536,256,1.083
emd_29554,256,1.083
emd_29555,256,1.083
emd_29556,256,1.083
emd_29557,256,1.083
emd_29558,256,1.083
emd_29559,256,1.083
emd_29566,256,1.204
emd_29567,256,1.204
emd_32678,400,0.77800006
emd_32931,256,1.35
emd_35127,360,1.06
emd_14930,280,1.2342
emd_14947,320,1.28
emd_15588,360,1.0144
emd_15589,280,1.3244
emd_15590,350,1.0371
emd_15591,360,1.0144
emd_16126,300,1.046
emd_16491,256,0.8617
emd_26263,416,1.0691
emd_26317,320,0.831
emd_27676,416,1.048
emd_27827,300,0.66
emd_28109,256,1.3
emd_28113,256,1.3
emd_28897,416,1.048
emd_28898,416,1.048
emd_29245,300,1.36
emd_32616,400,1.5985302
emd_32676,400,0.77800006
emd_32976,440,1.055
emd_33130,360,1.072
emd_33140,512,0.66
emd_33142,400,0.856
emd_33150,360,1.072
emd_33634,256,0.85
emd_33636,256,0.85
emd_33871,256,1.071
emd_34903,360,0.85
emd_15541,280,1.3244
emd_15580,350,1.0371
emd_15584,360,1.0144
emd_15585,360,1.0144
emd_15586,360,1.0144
emd_15587,360,1.0144
emd_15700,480,1.038369
emd_16175,300,1.046
emd_16176,300,1.046
emd_16177,300,1.046
emd_16456,300,0.83
emd_16459,300,0.83
emd_16656,300,0.99
emd_16679,300,1.046
emd_26517,398,1.09
emd_26518,398,1.09
emd_27777,300,1.083
emd_27830,300,0.67
emd_28110,256,1.3
emd_28143,256,1.3
emd_28144,256,1.3
emd_28145,256,1.3
emd_28146,256,1.3
emd_28148,256,1.3
emd_28960,136,0.82
emd_29451,512,0.834
emd_29539,398,1.09
emd_29550,512,0.834
emd_32614,350,3.18
emd_32913,260,1.5
emd_32933,240,0.85
emd_33633,256,0.85
emd_33635,256,0.85
emd_33888,256,1.071
emd_33889,256,1.071
emd_13400,352,0.82199997
emd_13401,352,0.82199997
emd_13407,304,1.23
emd_13408,304,1.23
emd_14317,512,0.8267
emd_14352,200,1.5680001
emd_14861,560,1.045
emd_14921,560,1.045
emd_14926,560,1.045
emd_15166,256,0.87
emd_15779,448,1.1710001
emd_15780,540,0.831
emd_15855,580,1.12
emd_15859,580,1.12
emd_16480,300,1.1147
emd_16481,300,1.1147
emd_26305,300,0.86
emd_26809,330,0.91
emd_27393,420,1.1
emd_27403,384,1.1
emd_27412,420,0.94
emd_27419,384,1.02885
emd_29078,384,1.4900001
emd_32228,220,1.0825
emd_32297,240,1.014
emd_32298,240,1.014
emd_33241,256,1.04
emd_33667,448,0.82
emd_33931,400,0.82
emd_34090,280,1.07
emd_35189,384,0.89000005
emd_35191,256,1.105
emd_14318,512,0.8267
emd_14333,400,0.678
emd_14335,400,0.538
emd_14337,312,0.651
emd_15277,512,1.05
emd_15675,300,1.423333
emd_15783,540,0.831
emd_16550,560,1.045
emd_16571,560,1.045
emd_26003,288,1.06
emd_26198,540,1.08
emd_26543,280,1.38
emd_26810,330,0.91
emd_27283,320,0.827
emd_27402,440,0.94
emd_27839,352,1.2069
emd_27840,352,1.2
emd_29098,320,0.86
emd_29103,320,0.86
emd_29569,256,1.204
emd_29570,256,1.204
emd_29573,256,1.096
emd_29574,256,1.096
emd_29575,256,1.096
emd_29576,256,1.096
emd_29577,256,1.096
emd_32094,160,1.47
emd_32892,392,1.1
emd_32903,256,1.318
emd_33394,320,0.84799993
emd_33988,300,1.04
emd_34106,360,0.868
emd_34195,256,1.06
emd_34743,360,0.867
emd_14572,400,0.86
emd_14574,400,0.86
emd_15527,400,0.8464
emd_15528,400,0.8464
emd_15606,384,0.505
emd_15672,364,1.17
emd_16011,280,0.87
emd_26183,240,1.08
emd_26544,360,1.38
emd_26548,360,1.38
emd_27002,386,0.835
emd_27003,386,0.835
emd_27032,352,0.835
emd_27282,256,1.058
emd_27284,320,0.827
emd_27285,320,0.827
emd_27286,320,0.827
emd_27289,256,1.058
emd_27290,256,1.058
emd_27293,320,0.83000004
emd_27337,256,1.063
emd_27409,420,0.94
emd_27837,352,1.1995
emd_27841,352,1.2
emd_28186,252,1.08
emd_29096,320,0.86
emd_29097,320,0.86
emd_29100,320,0.86
emd_29649,320,1.03
emd_29651,320,1.03
emd_29654,320,1.03
emd_29655,320,1.03
emd_32114,256,1.07
emd_32703,300,0.5
emd_32866,512,0.82
emd_33986,200,1.04
emd_14570,400,0.86
emd_15212,280,0.87
emd_15663,364,1.17
emd_15668,400,1.07
emd_16556,400,1.11
emd_26185,300,1.08
emd_26574,386,0.835
emd_26798,460,0.93000007
emd_27004,386,0.835
emd_27005,386,0.835
emd_27280,284,1.145
emd_27287,320,0.827
emd_27288,320,0.827
emd_27292,320,0.827
emd_27294,320,0.83000004
emd_27295,320,0.83000004
emd_28667,352,0.835
emd_29099,320,0.86
emd_29229,360,0.82549995
emd_29231,360,0.82549995
emd_29232,640,0.8255
emd_29233,360,0.82549995
emd_29234,360,0.82549995
emd_29235,360,0.82549995
emd_29236,360,0.82549995
emd_29237,640,0.8255
emd_29238,360,0.82549995
emd_29240,360,0.82549995
emd_29241,360,0.82549995
emd_29648,320,1.03
emd_29650,320,1.03
emd_29653,320,1.03
emd_33479,256,1.1
emd_14201,320,1.37
emd_14202,320,1.37
emd_14203,320,1.37
emd_14204,320,1.37
emd_14251,660,0.731
emd_14256,660,0.731
emd_14277,660,0.731
emd_14287,660,0.731
emd_14297,660,0.731
emd_14302,660,0.731
emd_14842,224,1.29171
emd_15646,182,1.09
emd_16330,300,1.05
emd_27529,400,1.0
emd_27726,208,1.0252
emd_28538,256,0.844
emd_28881,330,1.068
emd_28885,330,1.079
emd_29028,320,0.674
emd_29228,360,0.82549995
emd_32258,400,1.06
emd_33374,512,1.0537
emd_33375,512,1.0537
emd_33376,512,1.0537
emd_33384,512,1.0537
emd_33540,440,1.07
emd_34726,256,1.0742
emd_34805,256,0.986
emd_34830,256,0.986
emd_14205,320,1.37
emd_14209,320,1.37
emd_14210,320,1.37
emd_14211,320,1.37
emd_14261,660,0.731
emd_14266,660,0.731
emd_14272,660,0.731
emd_14292,660,0.731
emd_14307,660,0.731
emd_14528,360,0.837
emd_14560,320,1.1
emd_14696,400,1.1
emd_14974,450,1.1
emd_15110,256,1.0905
emd_16156,750,0.573
emd_26520,448,0.825
emd_27531,400,1.0
emd_27936,200,1.04
emd_27937,200,1.04
emd_27945,200,1.04
emd_28545,256,0.844
emd_28882,330,1.079
emd_28883,330,1.079
emd_28884,330,1.079
emd_29082,320,1.114
emd_33658,600,1.632
emd_34430,200,1.06
emd_34831,256,0.986
emd_34835,256,0.986
emd_14126,450,1.056
emd_14129,450,1.056
emd_14252,660,0.731
emd_14253,660,0.731
emd_14257,660,0.731
emd_14262,660,0.731
emd_14267,660,0.731
emd_14268,660,0.731
emd_14273,660,0.731
emd_14288,660,0.731
emd_14298,660,0.731
emd_14303,660,0.731
emd_14308,660,0.731
emd_14309,660,0.731
emd_15517,448,0.59180003
emd_28265,512,0.83
emd_14284,660,0.731
emd_14299,660,0.731
emd_14619,300,1.01
emd_14697,512,1.1
emd_14790,400,1.351
emd_14799,340,1.351
emd_14800,240,1.351
emd_26695,256,1.29375
emd_26856,320,0.932
emd_26999,256,1.09
emd_27783,352,1.16
emd_28016,800,1.3229998
emd_28174,400,0.87
emd_28665,400,0.87
emd_32267,310,1.0742
emd_32618,288,0.83
emd_32731,360,1.07
emd_32746,360,1.08
emd_33320,480,1.06
emd_33957,320,1.07
emd_33958,320,1.07
emd_33959,360,1.07
emd_34074,320,1.08
emd_34085,320,0.82799995
emd_34086,320,0.82799995
emd_34808,324,1.06
emd_34965,320,1.06
emd_27070,448,0.82
emd_27542,300,0.972
emd_27782,352,1.16
emd_27824,800,1.0624
emd_27962,300,1.364
emd_27992,750,1.28256
emd_28012,800,1.2024
emd_28015,686,1.24
emd_28017,800,1.2024
emd_28018,800,1.239
emd_28165,440,0.8279
emd_28244,392,1.16
emd_28248,360,1.0694
emd_28373,400,0.87
emd_28466,400,0.87
emd_28467,400,0.87
emd_29289,576,0.8333
emd_29290,576,0.833
emd_29291,192,1.5
emd_29326,400,1.1
emd_29327,480,0.825
emd_32270,310,1.0742
emd_32271,310,1.0742
emd_32302,304,1.0979
emd_32619,288,0.83
emd_32709,420,0.82
emd_32763,256,1.1
emd_33392,420,0.675
emd_33955,400,0.83
emd_33956,320,1.07
emd_34431,352,1.0
emd_34807,384,0.83
emd_34962,416,1.04
emd_34963,280,1.04
emd_34964,440,1.04
emd_34967,400,1.04
emd_14588,400,1.06
emd_15862,300,0.8285
emd_25700,350,1.08
emd_25765,756,0.666
emd_25772,768,0.666
emd_25774,512,0.98339
emd_25776,512,0.98339
emd_25804,256,1.0275
emd_26696,400,0.828
emd_27303,352,1.079
emd_27385,256,1.4
emd_27755,320,0.83000004
emd_27856,192,1.36
emd_28218,440,0.8279
emd_28229,440,0.8279
emd_28230,440,0.8279
emd_28523,300,0.86
emd_28535,300,0.826
emd_29323,416,0.8249999
emd_29324,416,0.8249999
emd_29325,416,0.8249999
emd_32269,310,1.0742
emd_32306,304,1.0979
emd_32308,304,1.0979
emd_32537,384,0.82
emd_32538,384,0.82
emd_32694,400,0.5
emd_33395,256,0.848
emd_33397,256,0.848
emd_33398,256,0.848
emd_34365,280,0.81
emd_34658,256,1.65
emd_34678,300,1.013
emd_34806,384,0.83
emd_34832,260,1.04
emd_35182,352,1.0
emd_14123,400,0.86
emd_14385,256,1.11
emd_15027,372,0.86
emd_15417,360,0.839
emd_15518,360,0.8360001
emd_15519,256,1.041
emd_16168,750,0.573
emd_16265,300,0.83
emd_25748,320,0.85
emd_25749,320,0.85
emd_25751,320,0.85
emd_25773,512,0.98044
emd_25775,240,1.069
emd_25805,300,1.059
emd_26005,512,1.0504
emd_27267,192,1.36
emd_27298,352,1.079
emd_27304,352,1.079
emd_27306,352,1.079
emd_27307,352,1.079
emd_27311,352,1.079
emd_27497,200,1.1
emd_27523,400,1.0
emd_27903,220,0.84
emd_32263,310,1.0742
emd_32303,304,1.0979
emd_32304,304,1.0979
emd_32305,304,1.0979
emd_32307,304,1.0979
emd_32309,304,1.0979
emd_32312,304,1.0979
emd_32598,240,1.0773
emd_32599,280,1.128
emd_33104,260,1.08
emd_33196,312,1.22
emd_34011,240,0.95
emd_34362,400,0.83
emd_34364,400,0.83
emd_34652,192,1.4640001
emd_34653,256,1.65
emd_34656,256,1.65
emd_14746,360,0.8464
emd_14749,360,0.8464
emd_15145,256,1.145
emd_15962,336,0.9
emd_24099,400,0.3398
emd_24146,400,0.6795
emd_24254,600,0.685
emd_25752,320,0.85
emd_26044,228,1.428
emd_26119,280,1.356
emd_27179,384,0.94
emd_27296,352,1.079
emd_27297,352,1.079
emd_27299,352,1.079
emd_27300,352,1.079
emd_27301,352,1.079
emd_27302,352,1.079
emd_27305,352,1.079
emd_27309,352,1.079
emd_27310,352,1.079
emd_27312,352,1.079
emd_27314,352,1.13
emd_27315,352,1.13
emd_27525,400,1.0
emd_27758,300,1.297
emd_27866,256,0.83
emd_28055,192,1.36
emd_28332,200,1.248
emd_28333,200,1.246
emd_32260,310,1.0742
emd_32536,384,0.82
emd_32597,240,1.0773
emd_33105,300,1.07
emd_33106,300,1.052
emd_33109,260,1.08
emd_33110,260,1.08
emd_33396,256,0.848
emd_33399,400,0.675
emd_33762,300,1.0
emd_34166,320,1.076
emd_34654,256,1.65
emd_34985,384,1.095
emd_14121,360,0.82800007
emd_14331,256,0.86
emd_14545,350,1.304
emd_14546,350,1.304
emd_14745,360,0.8464
emd_14747,360,0.82000005
emd_14748,360,0.8464
emd_14866,460,1.065
emd_15389,392,0.6
emd_15607,320,0.85
emd_15608,320,0.85
emd_15614,320,0.85
emd_15960,336,0.8999999
emd_15961,336,0.9
emd_25608,264,0.94
emd_25924,300,0.86
emd_27759,300,1.4526
emd_32256,310,1.0742
emd_32257,310,1.0742
emd_32259,310,1.0742
emd_32498,360,1.0979
emd_32548,240,1.0773
emd_32961,320,1.0825
emd_33558,256,1.632
emd_33568,256,1.632
emd_33761,300,1.014
emd_33854,240,0.85
emd_33861,150,1.0382
emd_34165,320,1.076
emd_34540,228,0.87
emd_34542,228,0.87
emd_34677,200,1.04
emd_34679,300,1.013
emd_34680,800,1.013
emd_35080,250,1.13
emd_13594,300,1.35
emd_14080,258,0.835
emd_14779,400,0.66
emd_14782,400,0.66
emd_14868,460,1.065
emd_15313,360,0.837
emd_15314,360,0.837
emd_15316,360,0.83100003
emd_15319,360,0.837
emd_15323,360,0.837
emd_15332,360,0.837
emd_15334,360,0.837
emd_15615,320,0.85
emd_15894,264,0.837
emd_15895,264,0.831
emd_15937,450,1.048
emd_15938,450,1.048
emd_16069,384,0.66
emd_16075,384,0.66
emd_24387,256,1.0694
emd_26066,440,0.84
emd_28639,256,0.82
emd_28640,256,0.82
emd_28658,128,1.8047
emd_28660,300,0.77
emd_28661,200,1.059
emd_28662,200,1.065
emd_29041,304,1.096
emd_32541,250,1.06
emd_33561,256,1.632
emd_33853,240,0.85
emd_34311,448,0.82
emd_34541,258,0.87
emd_34676,320,0.8
emd_14781,400,0.66
emd_15312,360,0.837
emd_15315,360,0.83100003
emd_15317,360,0.83100003
emd_15321,360,0.83100003
emd_15322,360,0.83100003
emd_15325,360,0.837
emd_15326,360,0.837
emd_15333,360,0.837
emd_15362,360,0.85
emd_15363,360,0.85
emd_15385,216,0.835
emd_15948,180,1.059
emd_16000,319,0.573
emd_24389,256,1.0694
emd_24393,200,0.84
emd_26028,440,0.84
emd_26211,324,1.1
emd_26213,324,1.1
emd_26381,300,0.8248
emd_27264,144,1.245
emd_27265,144,1.26
emd_27885,512,0.92
emd_27934,376,0.88
emd_28108,144,1.245
emd_28627,432,0.836
emd_28659,128,1.8047
emd_29052,120,3.372
emd_29054,120,3.372
emd_33529,640,0.675
emd_33621,256,1.052
emd_33622,256,1.055
emd_34310,448,0.96
emd_34371,240,1.04
emd_14880,352,1.059
emd_26068,280,1.045
emd_26071,280,1.045
emd_26072,280,1.045
emd_26380,288,1.333333
emd_26767,360,0.82000005
emd_26801,300,0.82
emd_27547,320,1.068
emd_27887,512,0.92
emd_28208,768,1.08
emd_28608,256,1.08
emd_28638,480,0.82
emd_28798,600,0.88
emd_28799,600,0.88
emd_29088,600,0.88
emd_29090,600,0.88
emd_29091,600,0.88
emd_29092,600,0.88
emd_29095,600,0.88
emd_29190,600,0.88
emd_29191,600,0.88
emd_29203,600,0.88
emd_32019,200,1.245
emd_32490,256,1.36
emd_32491,256,1.35
emd_32493,256,1.35
emd_32695,300,0.52
emd_32822,320,1.0
emd_32928,240,1.087
emd_32929,240,1.09
emd_33289,360,0.88000005
emd_33537,256,1.07
emd_33653,288,1.087
emd_33656,288,1.087
emd_34519,256,1.07
emd_14144,440,0.8127
emd_14222,440,0.827
emd_14855,384,0.835
emd_14857,440,0.84
emd_14858,440,0.8311
emd_14884,328,0.8600001
emd_15036,300,1.06
emd_15165,256,1.059
emd_15348,512,1.49766
emd_15803,224,1.1
emd_15804,232,1.06
emd_15851,256,0.837
emd_15974,600,0.65
emd_15975,480,0.65
emd_15976,480,0.65
emd_15995,440,1.1070029
emd_15996,420,0.645
emd_16244,128,1.41
emd_25906,300,1.16
emd_26089,320,1.1
emd_26120,320,1.1
emd_26131,320,1.1
emd_28551,360,1.1
emd_28848,352,1.07
emd_28857,352,1.07
emd_28861,352,1.07
emd_32210,480,0.54895
emd_32218,480,0.54895
emd_32222,480,0.54895
emd_32229,220,1.0825
emd_32254,310,1.0742
emd_32423,400,1.08
emd_32427,400,1.08
emd_33892,320,1.06
emd_34244,256,1.071
emd_13968,240,0.830625
emd_14240,440,0.822
emd_14876,256,1.059
emd_14877,256,1.059
emd_14882,352,1.059
emd_15040,524,1.0567557
emd_15266,512,1.49766
emd_16006,360,0.83360004
emd_16009,440,1.107
emd_16169,192,0.85999995
emd_16346,400,0.96800005
emd_16347,400,0.96800005
emd_16348,400,0.96800005
emd_16349,400,0.96800005
emd_16350,400,0.96800005
emd_16351,400,0.96800005
emd_16352,400,0.96800005
emd_16358,400,0.96800005
emd_16359,400,0.96800005
emd_16360,400,0.96800005
emd_16361,400,0.96800005
emd_16362,400,0.96800005
emd_16363,400,0.96800005
emd_25658,300,1.16
emd_25664,300,1.16
emd_25672,288,1.16
emd_25745,280,0.91
emd_25897,300,1.16
emd_25908,300,1.16
emd_26582,512,1.122
emd_28047,384,0.889
emd_28189,504,1.32
emd_28190,504,1.32
emd_32253,310,1.0742
emd_32396,240,1.057
emd_32787,360,1.07
emd_32840,160,1.32
emd_33893,320,1.06
emd_33894,320,1.06
emd_34245,256,1.071
emd_34731,320,0.85
emd_13951,400,0.839
emd_15684,448,0.8617
emd_15685,448,0.8617
emd_15686,448,0.8617
emd_15713,300,0.86
emd_15919,520,0.651
emd_26485,512,0.81
emd_27249,400,1.057
emd_27250,400,1.057
emd_27898,384,0.84
emd_27899,384,0.84
emd_28044,384,0.895
emd_28050,384,0.889
emd_28147,512,0.599
emd_28259,480,0.599
emd_28269,480,0.599
emd_28451,384,0.889
emd_28867,620,0.83
emd_29042,160,2.096
emd_29060,160,2.096
emd_32393,240,1.43
emd_32424,280,0.851
emd_32425,280,0.851
emd_32823,320,1.02
emd_32839,240,1.32
emd_32841,160,1.32
emd_32842,160,1.32
emd_33293,300,1.18533
emd_33294,300,1.18533
emd_34121,600,1.072
emd_34389,280,1.0555714
emd_34585,300,0.824
emd_34587,300,0.824
emd_34598,512,0.824
emd_34819,320,1.07
emd_14875,328,0.8600001
emd_15044,200,1.24
emd_15046,200,1.24
emd_15048,200,1.24
emd_24070,200,0.84
emd_26350,256,1.07
emd_26355,256,1.07
emd_26356,256,1.07
emd_26406,256,1.2905157
emd_26968,400,1.062
emd_26970,400,1.062
emd_27974,256,1.08
emd_27980,256,1.08
emd_28560,200,1.06
emd_28907,220,1.071
emd_28908,300,0.8
emd_29059,160,2.096
emd_32242,330,1.0742
emd_32347,170,1.245
emd_32350,168,1.265
emd_32789,360,1.07
emd_33197,312,1.22
emd_33310,360,0.842
emd_33312,360,0.842
emd_33317,240,1.014
emd_33591,400,1.1
emd_33619,192,1.1
emd_34232,380,1.332
emd_34313,448,0.82
emd_34390,280,1.0555714
emd_13346,300,1.09
emd_15047,200,1.24
emd_15163,256,1.059
emd_15179,256,1.059
emd_15836,336,1.302
emd_15837,336,1.302
emd_16020,400,1.1616
emd_26259,400,1.02885
emd_26351,256,1.07
emd_26353,256,1.07
emd_26971,400,1.062
emd_27251,400,1.057
emd_27320,200,1.115
emd_27544,200,1.065
emd_27979,256,1.08
emd_27981,256,1.08
emd_28078,256,1.06
emd_28084,256,0.826
emd_28129,384,1.328
emd_28175,512,1.06
emd_28176,256,1.328
emd_28529,280,1.114
emd_28530,280,1.114
emd_28909,256,0.84
emd_28912,250,0.84
emd_32214,480,0.54895
emd_32232,330,1.0742
emd_32248,310,1.0742
emd_32349,168,1.245
emd_32947,100,1.6
emd_33311,360,0.842
emd_33316,240,1.014
emd_33318,240,1.014
emd_33620,256,0.85
emd_33677,256,1.1
emd_33679,256,1.1
emd_33681,256,1.1
emd_34231,380,1.35
emd_34234,380,1.35
emd_15042,800,1.24
emd_15049,300,1.24
emd_15050,800,1.24
emd_15144,220,1.055
emd_15164,256,1.046
emd_15168,220,1.055
emd_15169,220,1.055
emd_15177,240,1.059
emd_15184,256,1.059
emd_15186,256,1.059
emd_15609,400,1.1616
emd_15688,360,1.059
emd_15838,168,2.604
emd_15841,168,2.604
emd_24145,300,0.4108
emd_24707,400,0.3395
emd_25665,400,0.835
emd_25666,400,0.86
emd_26352,256,1.07
emd_26354,256,1.07
emd_26967,400,1.062
emd_27443,558,0.675
emd_27975,256,1.08
emd_27977,256,1.08
emd_27978,256,1.08
emd_28075,256,1.06
emd_28128,512,1.328
emd_32196,310,1.0742
emd_32231,330,1.0742
emd_32397,240,1.052
emd_32399,240,1.057
emd_32400,240,1.052
emd_32402,240,1.052
emd_32403,240,1.052
emd_32784,360,1.04
emd_33319,240,1.014
emd_33676,256,1.1
emd_34233,380,1.35
emd_34317,448,0.82
emd_34520,400,1.1
emd_34621,280,1.0555714
emd_14582,320,0.84
emd_14843,240,1.025
emd_15170,220,1.055
emd_15171,220,1.055
emd_15173,220,1.055
emd_15187,256,1.059
emd_15188,360,1.059
emd_15232,220,1.055
emd_15421,384,0.8500001
emd_15559,560,0.83
emd_15620,600,0.455
emd_15635,320,1.1
emd_15725,450,1.08
emd_15840,172,2.68
emd_15930,400,1.05
emd_15955,512,1.067
emd_26200,512,0.873
emd_26885,360,0.869
emd_27498,200,1.1
emd_27499,200,1.08
emd_27750,256,0.873
emd_27775,392,0.93163
emd_27905,280,1.114
emd_27906,280,1.114
emd_27908,280,1.114
emd_27909,280,1.114
emd_27953,400,0.856
emd_27955,400,0.856
emd_27957,400,0.856
emd_27958,400,0.856
emd_27961,400,0.856
emd_28666,226,0.653
emd_33060,158,0.82899994
emd_33064,158,0.82899994
emd_33684,360,1.334
emd_34308,448,0.82
emd_34416,240,1.49
emd_13889,360,0.96000004
emd_13890,480,0.96
emd_13891,400,0.96
emd_14356,800,2.055
emd_14357,450,1.37
emd_14814,330,0.82
emd_14845,240,1.025
emd_15007,400,1.05
emd_15419,384,0.8500001
emd_15420,384,0.8500001
emd_15623,420,0.81
emd_15625,480,0.86
emd_15626,420,0.86
emd_15682,420,0.86
emd_15726,450,1.08
emd_15727,450,0.829
emd_25443,600,2.75
emd_25611,256,1.1
emd_25612,196,0.82
emd_26434,280,0.899
emd_26880,360,0.8320001
emd_26881,360,0.8320001
emd_26990,256,1.08
emd_27274,384,1.064
emd_27749,256,0.873
emd_27904,280,1.114
emd_27907,280,1.114
emd_27959,400,0.856
emd_27960,400,0.856
emd_28051,400,0.856
emd_28052,400,0.856
emd_32000,320,1.07
emd_33059,158,0.82899994
emd_33061,158,0.82899994
emd_33062,158,0.82899994
emd_33063,158,0.82899994
emd_33923,320,1.0742
emd_14509,460,0.69
emd_14996,400,1.05
emd_14997,400,1.05
emd_15378,320,1.092
emd_15793,560,0.731
emd_26639,384,1.065
emd_26641,384,1.076
emd_26642,384,1.069
emd_26645,384,1.08
emd_26646,384,1.03
emd_26649,384,1.36
emd_26650,576,1.36
emd_26861,588,1.05
emd_27273,384,1.064
emd_27277,384,1.064
emd_27278,384,1.064
emd_27967,288,0.88
emd_27968,288,0.88
emd_27972,540,1.067
emd_28877,400,0.834
emd_31890,384,1.087
emd_32262,280,0.881
emd_32654,320,1.064
emd_32656,320,1.064
emd_32659,320,1.064
emd_32660,320,1.064
emd_32661,540,1.064
emd_32686,256,0.82
emd_32693,256,0.82
emd_32765,400,0.8285
emd_32766,400,0.8285
emd_32767,400,0.8285
emd_33292,256,1.04
emd_33295,256,1.04
emd_33832,400,0.67
emd_34318,512,0.82
emd_14847,260,1.2769
emd_14848,260,1.2769
emd_14870,500,0.84
emd_14987,200,1.04
emd_15085,360,1.09
emd_26378,400,1.05
emd_26840,320,1.05
emd_26842,320,1.05
emd_26844,320,1.05
emd_26852,588,1.05
emd_27655,300,0.83
emd_27779,304,1.0
emd_27874,288,0.83
emd_27966,288,0.88
emd_27969,288,0.88
emd_28767,288,0.81
emd_28879,400,0.834
emd_32187,330,1.0742
emd_32205,310,1.0742
emd_32261,256,1.07
emd_32588,328,0.662
emd_32655,320,1.064
emd_32657,320,1.064
emd_33200,256,0.83
emd_33201,256,0.83
emd_33299,256,1.477
emd_33615,440,1.1
emd_33654,288,1.087
emd_33655,288,1.087
emd_33804,256,1.046
emd_33835,400,0.668
emd_34031,420,1.045
emd_34032,320,1.287
emd_14765,208,1.20721
emd_14867,700,0.84
emd_14971,320,1.086
emd_15365,400,1.042
emd_24395,512,1.06
emd_24396,512,1.06
emd_24397,512,1.06
emd_24410,512,1.06
emd_24412,512,1.06
emd_24420,512,1.06
emd_24422,512,1.06
emd_24423,512,1.06
emd_24682,240,1.05878
emd_24692,240,1.091
emd_24746,240,1.091
emd_24747,240,1.091
emd_25453,256,1.33
emd_25487,300,1.1
emd_26549,384,0.832
emd_26550,384,0.832
emd_26605,330,0.825
emd_26812,360,0.83
emd_26823,400,0.94
emd_26845,400,0.94
emd_26936,340,1.03
emd_27217,180,1.1
emd_27220,180,1.16
emd_27872,288,0.83
emd_27873,320,0.65
emd_27982,336,1.07
emd_27983,336,1.07
emd_32203,310,1.0742
emd_33614,300,1.1
emd_33641,256,1.046
emd_34307,340,0.9200001
emd_14764,208,1.20721
emd_14766,208,1.20721
emd_14770,208,1.20721
emd_14972,180,1.086
emd_15366,400,1.495
emd_15823,350,1.1
emd_24421,512,1.06
emd_25372,512,1.122
emd_25400,360,0.8256
emd_25446,328,0.566
emd_25482,200,0.91
emd_25488,300,1.1
emd_26402,260,0.873
emd_26403,440,0.8730001
emd_26404,260,0.873
emd_26854,400,0.94
emd_26872,342,1.1
emd_27219,180,1.1
emd_28030,330,0.83
emd_28195,256,1.16
emd_28742,360,0.65
emd_32191,330,1.0742
emd_32204,310,1.0742
emd_32828,256,1.046
emd_32829,256,0.85
emd_33307,340,0.97
emd_33308,340,0.97
emd_33434,340,0.97
emd_33617,440,1.1
emd_33807,280,0.85
emd_34273,256,1.071
emd_34283,480,1.045
emd_34285,480,1.045
emd_34286,480,1.045
emd_34618,800,0.495
emd_13791,256,0.82
emd_13824,150,1.21
emd_13825,250,1.21
emd_13829,450,1.1
emd_14149,360,0.96000004
emd_14383,384,0.828
emd_14694,320,1.023
emd_14915,240,1.012
emd_14916,240,1.012
emd_14928,360,1.05
emd_14991,432,0.656
emd_24582,200,1.05
emd_24612,196,1.048
emd_25151,432,1.1
emd_25874,400,0.828
emd_25875,400,0.828
emd_26479,576,0.67
emd_27420,434,0.83
emd_27574,300,1.07
emd_27576,300,1.07
emd_28754,256,1.06
emd_28781,256,1.06
emd_32051,300,1.04
emd_32844,480,0.82815
emd_32845,512,0.8145
emd_33040,300,0.949999
emd_33046,300,0.949999
emd_33114,300,0.949999
emd_33501,400,0.82
emd_13736,200,1.01
emd_13792,256,0.82
emd_13826,300,1.21
emd_13827,300,1.21
emd_14912,240,1.012
emd_14917,240,1.012
emd_14918,240,1.012
emd_14919,240,1.012
emd_15100,700,0.846
emd_15916,260,1.302
emd_15917,260,1.302
emd_15958,260,1.302
emd_24241,196,1.048
emd_24263,196,1.048
emd_24584,200,1.1
emd_25873,400,0.828
emd_25876,400,0.828
emd_26481,576,0.67
emd_27174,300,1.07
emd_27175,300,1.07
emd_27176,300,1.07
emd_27416,434,0.83
emd_27423,414,0.87
emd_27744,176,1.149
emd_27888,330,0.83
emd_28064,320,0.9945
emd_28065,320,0.9945
emd_28575,320,1.3404
emd_32853,360,0.8135
emd_33011,180,1.05
emd_33056,300,0.949999
emd_33996,240,1.0
emd_33997,250,1.307
emd_14347,240,1.012
emd_14854,384,0.835
emd_14856,384,0.835
emd_14927,400,1.05
emd_15020,700,0.656
emd_15021,448,0.656
emd_15023,700,0.656
emd_15576,700,0.846
emd_15913,260,1.302
emd_15959,260,1.302
emd_24629,196,1.048
emd_25872,400,0.828
emd_26306,360,1.06
emd_26494,360,0.869
emd_26495,360,0.869
emd_27173,350,1.07
emd_27210,360,0.8320001
emd_27212,360,0.8320001
emd_27579,256,1.07
emd_27735,320,1.083
emd_28072,320,0.9945
emd_28487,256,1.08
emd_28498,256,1.08
emd_28565,320,1.3404
emd_28569,256,1.3404
emd_32159,360,0.878
emd_32160,360,0.87
emd_32161,360,0.87
emd_32162,300,0.813
emd_32185,432,1.08
emd_32617,280,0.821
emd_32851,360,0.8155
emd_32852,360,1.0865
emd_33998,256,1.1
emd_34361,240,1.702
emd_13862,800,2.055
emd_14190,256,1.1
emd_14200,256,1.1
emd_14728,350,0.66
emd_15210,256,0.822
emd_15414,304,0.835
emd_15415,304,0.835
emd_15484,280,0.86
emd_15574,256,1.21
emd_24271,420,1.08
emd_24280,420,1.08
emd_25182,384,2.8
emd_25365,512,1.122
emd_26104,224,1.014
emd_28077,180,1.08
emd_28088,256,1.071
emd_28553,350,1.038
emd_28724,300,1.08
emd_28725,300,1.08
emd_31600,512,1.387
emd_31957,320,0.83199996
emd_32773,288,1.1
emd_32959,320,1.0825
emd_33430,240,0.8550001
emd_33431,280,0.855
emd_33467,280,0.86
emd_33696,400,0.83
emd_34281,360,1.07
emd_34417,336,1.095
emd_34418,336,1.095
emd_34419,336,1.095
emd_34425,256,1.35
emd_14725,350,0.66
emd_14802,216,1.25
emd_14812,256,1.25
emd_15416,304,0.835
emd_15485,360,0.845
emd_15575,256,1.21
emd_15820,350,1.008
emd_24269,420,1.08
emd_24270,420,1.08
emd_24286,420,1.08
emd_24290,420,1.08
emd_25022,384,1.03
emd_26103,224,1.045
emd_26493,360,0.869
emd_26496,360,0.869
emd_26555,220,0.87
emd_28066,220,1.071
emd_28069,220,1.071
emd_28085,220,1.071
emd_28723,300,1.08
emd_31395,320,0.83199996
emd_31532,320,1.0825
emd_32758,360,0.669
emd_32769,320,1.0825
emd_32932,256,1.1
emd_32962,320,1.0825
emd_33189,256,0.5191
emd_33214,320,1.04
emd_33216,320,1.04
emd_33433,280,0.97
emd_34018,400,1.07
emd_34020,420,0.85
emd_34218,360,0.83
emd_34421,336,1.095
emd_34426,256,1.35
emd_12684,200,1.026
emd_14438,440,0.832
emd_14716,350,0.66
emd_15161,360,0.82000005
emd_15593,400,1.07136
emd_24275,320,1.2156
emd_26024,192,1.068
emd_26026,192,1.05
emd_26420,224,1.06
emd_26423,224,1.06
emd_26653,512,0.66
emd_26831,240,1.056
emd_27015,300,1.06
emd_27161,340,0.9063
emd_27343,384,1.08
emd_27753,288,0.88
emd_27754,288,0.88
emd_28025,600,0.83
emd_28031,320,1.335
emd_28033,384,1.08
emd_28550,450,1.038
emd_28604,500,1.058
emd_32330,270,1.014
emd_32774,288,1.1
emd_32779,312,1.1
emd_32781,288,1.1
emd_32782,312,1.1
emd_32783,312,1.1
emd_33217,256,1.04
emd_33439,280,0.97
emd_33624,320,1.0825
emd_12688,200,1.296
emd_14446,440,0.832
emd_15204,420,0.82
emd_15219,256,1.1859374
emd_15220,220,1.014
emd_15364,640,0.726
emd_15381,640,0.726
emd_24277,384,1.2156
emd_24278,320,1.2156
emd_25412,192,1.14
emd_25730,300,1.15
emd_26025,240,1.068
emd_26344,320,1.054
emd_26422,224,1.06
emd_26655,512,0.66
emd_27018,340,1.06
emd_27160,340,0.9063
emd_27338,440,0.86
emd_27339,440,1.046
emd_27340,384,1.08
emd_27341,384,1.08
emd_27344,448,1.08
emd_27743,192,1.068
emd_27752,288,0.88
emd_27842,320,1.07
emd_27984,320,1.03
emd_27985,320,1.03
emd_27986,320,1.03
emd_27987,320,1.03
emd_28032,384,1.08
emd_32334,270,1.014
emd_33628,200,1.0825
emd_33629,200,1.0825
emd_15373,640,0.726
emd_15374,640,0.726
emd_15670,360,0.82000005
emd_15864,400,0.7725
emd_24276,320,1.2156
emd_25413,256,0.833
emd_27014,300,1.06
emd_27016,340,1.06
emd_27017,340,1.06
emd_27162,340,0.9063
emd_27345,384,1.08
emd_27732,480,1.045
emd_27769,384,0.9063
emd_27843,320,1.07
emd_27844,384,1.07
emd_27988,320,1.03
emd_28046,192,1.66
emd_28076,192,1.66
emd_28079,192,1.66
emd_28132,192,1.66
emd_28191,192,1.66
emd_28193,192,1.66
emd_28201,192,1.66
emd_28202,192,1.66
emd_28203,192,1.66
emd_28215,192,1.66
emd_28216,192,1.66
emd_28219,192,1.66
emd_28220,192,1.66
emd_28235,192,1.66
emd_28236,192,1.66
emd_28237,192,1.66
emd_28239,192,1.66
emd_28240,192,1.66
emd_28245,192,1.66
emd_32413,320,1.36
emd_32414,320,1.36
emd_32415,320,1.36
emd_33498,360,1.09
emd_13392,200,1.72
emd_13922,256,0.839
emd_14050,288,0.837
emd_15240,500,0.855
emd_15330,360,0.86200005
emd_15375,300,2.18
emd_15379,300,2.18
emd_15565,560,0.83
emd_15566,560,0.83
emd_15567,560,0.83
emd_15572,560,0.83
emd_15757,300,0.827
emd_26490,336,0.8654
emd_26492,256,1.14
emd_27718,320,1.083
emd_27795,256,1.08
emd_27797,256,1.08
emd_27893,320,1.056
emd_27894,320,1.08
emd_28559,512,1.0
emd_32043,432,0.88
emd_32088,440,1.374
emd_32323,240,1.1
emd_32809,360,1.059
emd_32810,360,1.059
emd_32811,360,1.059
emd_32812,360,1.059
emd_32816,360,1.059
emd_32884,256,1.1
emd_32887,256,1.1
emd_34136,432,0.88
emd_34137,432,0.88
emd_13906,440,0.766
emd_13908,440,0.764
emd_13909,440,0.76
emd_13910,200,1.6005
emd_15241,500,0.855
emd_15376,300,2.18
emd_15380,300,2.18
emd_15560,560,0.83
emd_15563,560,0.83
emd_15571,560,0.83
emd_25917,256,1.278
emd_25981,256,1.0961
emd_27796,256,1.08
emd_27895,320,1.08
emd_28160,440,0.676
emd_30939,256,1.30654
emd_31722,260,0.83
emd_31723,260,0.83
emd_32041,432,0.88
emd_32099,200,0.5191
emd_32411,256,1.25
emd_32438,288,0.668
emd_32714,256,1.046
emd_32716,256,1.046
emd_32756,360,0.669
emd_32904,320,0.85
emd_34037,320,1.07
emd_34119,520,1.1
emd_34221,384,1.005
emd_34222,384,1.005
emd_34223,384,1.005
emd_34224,384,1.173
emd_13876,200,1.3060001
emd_15327,280,1.1
emd_15328,360,0.86200005
emd_15352,360,0.86200005
emd_15357,360,0.86200005
emd_23673,360,1.037
emd_26621,450,0.83
emd_26742,400,0.839
emd_26743,400,0.839
emd_28155,440,0.676
emd_31955,260,0.83
emd_31996,320,1.04
emd_31999,300,1.04
emd_32032,400,1.052
emd_32755,320,0.669
emd_32791,360,1.047
emd_33534,220,1.1
emd_33536,280,1.06
emd_33585,180,1.087
emd_33587,240,0.86
emd_34034,320,1.07
emd_34035,320,1.07
emd_34036,320,1.07
emd_34038,360,1.07
emd_34040,360,1.07
emd_34043,320,1.04
emd_34044,320,1.04
emd_34118,520,1.1
emd_34420,336,1.095
emd_34423,240,1.35
emd_34424,256,1.35
emd_12591,400,0.6072
emd_13134,240,1.059
emd_15028,300,1.06
emd_15031,300,1.06
emd_15037,264,1.085
emd_15329,360,0.86200005
emd_15331,360,0.86200005
emd_15612,360,0.86200005
emd_25100,420,0.83000004
emd_25108,520,1.03
emd_25109,360,1.03
emd_25214,256,1.083
emd_25676,300,1.15
emd_25826,432,0.835
emd_26723,160,1.255
emd_27533,176,1.144
emd_27963,384,1.180208
emd_28161,440,0.676
emd_31997,320,1.04
emd_31998,320,1.04
emd_32034,320,1.113
emd_32052,256,1.04
emd_32053,300,1.04
emd_32054,300,1.04
emd_32055,300,1.04
emd_32790,360,1.047
emd_33441,240,1.484
emd_33586,200,0.86
emd_13630,308,1.32
emd_13664,300,1.07
emd_14633,270,0.65
emd_14709,240,1.014
emd_14722,320,1.06
emd_15033,300,1.06
emd_15284,320,1.06
emd_25107,220,1.03
emd_25825,432,0.835
emd_25913,448,0.65
emd_26340,158,1.3622
emd_26341,320,1.3622
emd_26342,320,1.096
emd_26343,164,1.096
emd_26345,164,1.096
emd_27397,500,1.1
emd_27480,384,0.84
emd_31736,400,0.515
emd_32511,256,1.07
emd_33041,330,1.06
emd_33084,360,1.06
emd_33365,256,1.04
emd_33387,320,1.0
emd_33411,240,1.17
emd_33413,160,1.17
emd_33682,320,0.85
emd_33776,360,0.83
emd_12144,300,1.047
emd_13094,512,0.83
emd_13626,256,1.68
emd_13633,256,1.29
emd_14398,256,0.82
emd_14650,300,0.65
emd_14682,300,0.65
emd_14685,300,0.65
emd_15784,460,0.652
emd_15785,460,0.652
emd_24895,300,1.13
emd_25925,300,0.86
emd_25926,300,0.86
emd_25927,300,0.86
emd_26469,360,1.04
emd_26471,360,1.04
emd_27482,300,1.1
emd_27659,320,1.16
emd_32540,256,0.842
emd_32954,256,0.83
emd_32955,256,0.83
emd_32957,256,0.83
emd_33389,320,1.0
emd_33775,256,1.07
emd_34098,84,1.1952
emd_34099,142,1.1952
emd_34100,142,1.1952
emd_34101,142,1.1952
emd_34102,140,1.1952
emd_34176,320,1.0
emd_34177,320,1.0
emd_14242,360,0.82000005
emd_14678,200,0.86
emd_14692,320,1.046
emd_15025,300,0.86
emd_24074,360,1.08
emd_25035,256,0.828
emd_25036,256,0.828
emd_25037,256,0.828
emd_25092,400,1.07
emd_26121,352,0.835
emd_26438,256,1.066
emd_26439,256,1.024
emd_26593,256,0.825
emd_26701,256,0.828
emd_26702,256,0.828
emd_32006,288,0.83
emd_32009,288,0.83
emd_32331,320,0.85
emd_32545,300,1.07
emd_32546,300,1.07
emd_32737,360,1.08
emd_32881,256,1.1
emd_32883,256,1.08
emd_32918,300,1.07
emd_32968,560,1.12
emd_32972,256,1.1
emd_32973,560,1.12
emd_32980,560,1.12
emd_32984,600,1.117
emd_32999,560,1.12
emd_33001,560,1.12
emd_33004,560,1.12
emd_33005,560,1.12
emd_33153,400,1.1
emd_13592,256,2.64
emd_13735,300,1.01
emd_14429,300,0.831
emd_14430,480,0.828
emd_14622,240,0.837
emd_14690,320,1.046
emd_14691,320,1.046
emd_14966,672,0.9240001
emd_15071,504,1.22
emd_15075,504,1.22
emd_24141,400,1.07
emd_26475,440,0.83
emd_26858,200,0.95
emd_27066,640,0.833
emd_27253,440,0.83
emd_27802,300,1.058
emd_31393,580,1.0660001
emd_32007,288,0.83
emd_32342,320,0.85
emd_32917,300,1.07
emd_32967,600,1.117
emd_32970,560,1.12
emd_32983,560,1.12
emd_32985,560,1.12
emd_32998,560,1.12
emd_33006,560,1.12
emd_14693,256,1.046
emd_14695,320,1.046
emd_14815,504,1.06
emd_14820,504,1.06
emd_14821,504,1.06
emd_14827,504,1.06
emd_14828,504,1.06
emd_14832,504,1.06
emd_14835,504,1.06
emd_14837,504,1.06
emd_14838,504,1.21
emd_15064,504,1.06
emd_15080,504,1.22
emd_15082,504,1.22
emd_15096,504,1.22
emd_15657,480,1.045
emd_15658,240,1.045
emd_15659,240,1.045
emd_15660,480,1.045
emd_15795,560,0.731
emd_15796,560,0.731
emd_13235,486,0.5
emd_13239,227,1.06
emd_14437,256,1.07
emd_14945,256,2.116
emd_15286,300,1.556
emd_15794,560,0.731
emd_15797,560,0.731
emd_25403,360,0.8521
emd_25732,280,1.15
emd_25734,350,1.03
emd_25735,280,1.15
emd_25736,280,1.15
emd_25754,350,1.03
emd_25755,300,1.15
emd_25788,320,1.054
emd_26155,200,1.08
emd_26453,550,0.869
emd_26454,300,1.058
emd_27164,280,0.83
emd_27165,220,1.08
emd_27166,220,1.08
emd_27330,256,0.832
emd_27334,224,1.071
emd_27336,400,0.832
emd_27394,200,1.08
emd_27488,300,0.842
emd_27492,300,0.83
emd_27563,256,1.08
emd_27623,256,1.12
emd_27715,300,1.058
emd_27780,250,1.094
emd_31803,192,1.04
emd_33102,240,1.1
emd_34023,240,1.04
emd_9405,240,1.0961
emd_13215,231,1.061
emd_13217,480,0.5
emd_13236,476,0.5
emd_13579,450,1.1
emd_14148,296,0.622
emd_14793,320,1.058
emd_14795,320,1.058
emd_25387,480,1.384
emd_25402,360,0.8676999
emd_25660,280,1.05
emd_25789,320,1.05
emd_26156,200,1.08
emd_26625,300,0.834
emd_26732,256,0.8757
emd_27167,260,0.83
emd_27490,300,0.842
emd_27491,256,1.08
emd_27493,300,0.83
emd_27556,256,1.08
emd_31605,400,0.806
emd_31725,320,1.0825
emd_32510,256,1.07
emd_33112,360,1.1
emd_33251,360,1.01
emd_33258,360,0.88
emd_33259,360,0.88
emd_33264,360,0.88
emd_33265,360,0.88
emd_33698,600,0.88
emd_34024,240,1.04
emd_9406,240,1.1
emd_9407,240,1.096
emd_13199,328,0.824
emd_13257,328,0.824
emd_13295,360,1.09
emd_13297,360,1.09
emd_13298,360,1.09
emd_13299,360,1.09
emd_14151,400,1.055
emd_14223,140,1.28
emd_14312,300,0.9
emd_14783,300,1.15
emd_25116,384,1.07
emd_25982,256,1.366875
emd_26310,168,1.15
emd_26733,256,0.8757
emd_27168,220,1.08
emd_27326,300,1.3
emd_27494,256,1.08
emd_27803,300,1.058
emd_31947,336,0.82
emd_33111,360,1.1
emd_33252,360,1.01
emd_33260,360,0.88
emd_33261,360,0.88
emd_33263,360,0.88
emd_33266,360,0.88
emd_33267,360,0.88
emd_33268,360,0.88
emd_33269,360,0.88
emd_33277,360,0.88
emd_33278,360,0.88
emd_33280,360,0.88
emd_33281,360,0.88
emd_33282,360,0.88
emd_33283,360,0.88
emd_33506,256,1.1
emd_13258,328,0.824
emd_13294,360,1.09
emd_13296,360,1.09
emd_13300,360,1.09
emd_13301,360,1.1
emd_13302,360,1.1
emd_13304,360,1.09
emd_13305,360,1.09
emd_14221,220,1.28
emd_14472,384,0.832
emd_14473,384,0.832
emd_15102,300,1.04
emd_15126,360,1.09
emd_15709,100,3.4884
emd_26311,168,1.15
emd_26337,700,0.40074998
emd_27008,384,1.08
emd_27026,624,1.08
emd_27399,300,1.08
emd_27658,300,1.16
emd_27705,300,1.08
emd_27865,384,1.038
emd_27913,384,1.038
emd_27917,384,1.1
emd_27931,384,1.069
emd_27932,384,1.069
emd_31885,320,0.8433
emd_31946,336,0.82
emd_33014,200,1.071
emd_33226,320,0.85
emd_33692,256,1.1
emd_34054,520,1.1
emd_14220,340,0.95
emd_14435,384,0.82
emd_14451,350,1.041
emd_14496,384,0.65
emd_15103,300,1.145
emd_25029,360,1.05
emd_25618,256,0.66
emd_26336,700,0.40074998
emd_26338,700,0.415
emd_26339,700,0.40074998
emd_27029,624,1.08
emd_27060,512,1.08
emd_27098,256,0.81625
emd_27252,250,1.284
emd_27509,400,1.0
emd_27514,400,1.0
emd_27864,384,1.038
emd_27914,384,1.038
emd_27915,384,1.038
emd_27916,384,1.1
emd_27918,384,1.1
emd_27928,384,1.069
emd_27929,384,1.069
emd_31030,192,1.0
emd_31765,288,1.091
emd_32383,416,0.83
emd_32384,416,0.83
emd_33447,240,1.484
emd_33572,384,1.055
emd_33691,256,1.1
emd_33693,256,1.04
emd_13427,384,1.05
emd_14389,400,0.66
emd_14494,384,0.65
emd_14499,384,0.65
emd_14501,504,0.45
emd_15123,256,1.38
emd_15199,256,1.38
emd_15201,256,1.38
emd_24759,256,1.0842
emd_24760,256,1.0842
emd_24761,256,1.0842
emd_24763,200,1.08
emd_25032,360,1.05
emd_25033,360,1.05
emd_25496,320,1.03
emd_26361,232,0.932
emd_27442,360,1.426
emd_27502,400,1.0
emd_27505,400,1.0
emd_27506,400,1.0
emd_27515,400,1.0
emd_27521,400,1.0
emd_27798,320,1.07
emd_31757,180,1.10667
emd_31758,174,1.10667
emd_31766,320,1.0742
emd_31802,256,1.0
emd_31827,280,0.85
emd_31829,280,0.85
emd_32762,256,1.1
emd_32949,200,1.07
emd_32950,200,1.07
emd_33120,512,0.66
emd_33709,512,0.67
emd_13421,128,2.13
emd_14448,350,1.041
emd_14449,346,1.053
emd_14493,384,0.65
emd_14497,384,0.65
emd_14498,384,0.65
emd_24758,360,1.0842
emd_25030,360,1.05
emd_25031,360,1.05
emd_25363,480,0.53
emd_25575,200,2.32
emd_25576,400,1.05
emd_26362,232,0.932
emd_26816,256,1.0115625
emd_27503,400,1.0
emd_27511,400,1.0
emd_27513,400,1.0
emd_27516,400,1.0
emd_27518,400,1.0
emd_27520,400,1.0
emd_27522,400,1.0
emd_27799,320,1.07
emd_27800,384,1.07
emd_33098,200,1.07
emd_33123,512,0.67
emd_33125,320,0.669
emd_33440,360,1.1
emd_33571,256,1.055
emd_33690,400,1.11
emd_13353,256,1.0312
emd_13391,234,1.4637998
emd_13404,320,0.837
emd_13405,320,0.837
emd_13406,320,0.837
emd_14485,400,1.38
emd_14981,360,0.86
emd_14983,360,0.86
emd_14984,360,0.86
emd_15162,200,1.23
emd_15167,248,1.065
emd_15176,256,1.065
emd_15178,300,0.822
emd_24697,448,1.03
emd_24698,200,1.298
emd_25069,720,1.05
emd_25071,720,1.05
emd_25663,440,0.9000001
emd_25711,440,0.9
emd_26727,512,0.843
emd_26730,512,0.843
emd_26737,256,1.31
emd_26744,256,1.31
emd_26754,300,1.664
emd_27663,384,0.826
emd_31726,320,1.0825
emd_31817,256,1.7
emd_31818,256,1.7
emd_31819,256,1.7
emd_31821,256,1.7
emd_32416,320,0.9700001
emd_33085,200,1.087
emd_33670,520,1.1
emd_33764,192,1.7599999
emd_33766,192,1.7599999
emd_33941,520,1.1
emd_33995,240,1.08
emd_14547,384,0.8511999
emd_24693,448,1.03
emd_24694,448,1.03
emd_24695,448,1.03
emd_24705,200,1.005
emd_25039,320,1.15
emd_25040,320,1.15
emd_25619,440,0.637
emd_26334,360,1.08
emd_26716,300,1.6512
emd_26753,196,1.664
emd_26755,300,1.664
emd_26770,300,1.664
emd_26771,300,1.664
emd_27438,400,1.0
emd_27634,256,0.91
emd_27635,256,0.91
emd_27636,256,0.91
emd_27640,288,0.86
emd_27652,416,0.844
emd_27667,384,0.826
emd_27672,384,0.826
emd_33152,320,1.07
emd_33760,192,1.7599999
emd_13430,500,0.896
emd_13444,480,0.96
emd_13455,480,0.96
emd_14744,300,1.08
emd_26738,338,1.073
emd_26749,300,1.664
emd_26760,384,0.835
emd_26777,192,1.664
emd_26778,192,1.664
emd_27656,300,1.1
emd_27669,384,0.826
emd_27673,384,0.826
emd_31653,256,1.08
emd_31654,300,1.08
emd_31661,256,1.08
emd_31662,256,1.08
emd_31663,256,1.08
emd_31664,256,1.08
emd_31665,320,1.08
emd_31666,320,1.08
emd_31667,320,1.08
emd_31671,320,1.08
emd_31675,280,1.072
emd_31709,200,2.712
emd_31721,320,1.14
emd_32824,360,0.675
emd_33156,210,1.014
emd_13548,500,0.896
emd_13604,350,0.82
emd_13605,340,0.82
emd_14393,320,1.059
emd_14403,320,1.059
emd_14495,512,1.34
emd_14743,300,1.08
emd_15073,400,1.06
emd_24065,320,1.08
emd_24653,360,0.8465
emd_24654,360,0.85
emd_25731,192,1.3460001
emd_26443,336,0.869
emd_26763,384,0.835
emd_27332,280,0.834
emd_27333,288,1.079
emd_27668,384,0.826
emd_27670,384,0.826
emd_27671,384,0.826
emd_31673,256,1.072
emd_32358,320,0.86
emd_32379,360,0.669
emd_33047,400,0.77800006
emd_33157,240,1.014
emd_33158,240,1.014
emd_33159,240,1.014
emd_33160,210,1.014
emd_33492,300,0.824
emd_34028,256,1.07
emd_13520,448,0.656
emd_13609,320,0.83199996
emd_13641,256,1.09
emd_14180,412,0.651
emd_14394,320,1.059
emd_14487,400,1.38
emd_15104,384,0.695
emd_15105,384,0.695
emd_15106,384,0.695
emd_15234,400,1.54
emd_25847,360,1.06
emd_25848,360,1.06
emd_26082,256,1.6336
emd_26083,300,1.24
emd_26117,280,1.356
emd_26118,200,1.68
emd_26669,400,1.1
emd_26676,480,0.83
emd_26758,384,0.835
emd_26759,384,0.835
emd_26761,384,0.835
emd_27122,338,1.073
emd_31668,486,1.1
emd_32036,320,1.328
emd_32037,320,1.328
emd_32098,124,1.245
emd_32148,376,1.0825
emd_32568,240,0.851
emd_32914,480,0.85
emd_33050,576,0.778
emd_33051,576,0.778
emd_33052,400,0.77800006
emd_33248,256,1.071
emd_33438,360,1.077
emd_33470,296,1.06
emd_33937,400,1.284
emd_13499,320,0.934
emd_13607,320,0.83199996
emd_13610,320,0.83199996
emd_13612,320,0.83199996
emd_14239,216,1.134
emd_14474,300,1.15
emd_14486,330,1.38
emd_14846,384,1.067
emd_14864,368,1.085
emd_14865,368,1.085
emd_15107,384,0.695
emd_15108,384,0.695
emd_23441,256,0.835
emd_25648,300,0.835
emd_25762,448,0.644
emd_26081,384,0.99296874
emd_26084,300,1.24
emd_26097,350,0.731
emd_26262,400,1.1
emd_26678,480,0.83
emd_27024,256,1.366875
emd_31632,400,1.08
emd_31635,400,1.08
emd_32097,122,1.245
emd_32149,376,1.0825
emd_32570,240,0.851
emd_32735,300,0.88299996
emd_33249,250,1.052
emd_33250,256,1.071
emd_33466,296,1.06
emd_33468,296,1.06
emd_33485,320,1.0825
emd_33500,240,0.93
emd_33935,400,1.284
emd_33936,400,1.284
emd_33939,340,1.239
emd_13358,300,1.05
emd_13361,300,1.05
emd_13367,300,1.05
emd_13368,300,1.05
emd_13381,300,1.05
emd_13383,300,1.05
emd_13945,256,1.0
emd_14004,540,0.83
emd_14142,300,1.3833
emd_14909,300,1.38
emd_23285,512,1.00687
emd_23286,512,1.00687
emd_23287,512,1.00687
emd_23288,512,1.00687
emd_24606,384,1.62
emd_25075,256,1.015
emd_26408,512,0.832
emd_26412,512,0.832
emd_26459,512,1.03
emd_26614,340,0.825
emd_27062,256,0.835
emd_27224,512,0.828
emd_27460,320,0.842
emd_27461,320,0.842
emd_31335,320,1.087
emd_31338,320,1.087
emd_32049,300,1.1
emd_32158,376,1.0825
emd_32418,360,0.97
emd_32419,370,0.9700001
emd_33647,364,1.06
emd_13360,200,1.05
emd_13362,200,2.1
emd_13365,300,1.05
emd_13366,300,1.05
emd_13369,300,1.05
emd_13371,300,1.05
emd_13379,200,3.15
emd_13885,240,0.87
emd_14774,360,0.8360001
emd_14813,280,0.82
emd_23700,300,1.06
emd_23701,300,1.1
emd_23703,300,1.1
emd_23706,300,1.1
emd_25472,200,0.91
emd_25758,512,0.662
emd_26407,512,0.834
emd_26413,512,0.832
emd_26415,512,0.837
emd_26416,512,0.837
emd_26460,512,1.03
emd_27223,380,1.16
emd_27225,96,4.592
emd_27226,128,3.312
emd_27421,360,0.8697
emd_27422,360,1.034362
emd_31978,240,1.245
emd_32142,138,1.10667
emd_32338,220,1.4
emd_32439,240,1.0825
emd_32476,256,1.0825
emd_33302,256,1.045
emd_33304,256,1.045
emd_33426,256,0.82
emd_33427,256,0.82
emd_33428,256,0.82
emd_33649,364,1.06
emd_12950,288,0.784
emd_13370,200,3.15
emd_13373,300,1.05
emd_13374,300,1.05
emd_14436,256,0.815
emd_14580,432,0.8600001
emd_14775,360,0.8360001
emd_23705,300,1.1
emd_25763,418,0.844
emd_25764,256,0.932
emd_26405,512,0.832
emd_26409,512,0.832
emd_26410,512,0.832
emd_26461,512,1.03
emd_26462,512,1.03
emd_26463,512,1.03
emd_26612,340,0.825
emd_26615,340,0.825
emd_26792,450,1.332
emd_26803,450,1.332
emd_26804,450,1.332
emd_27063,256,0.834
emd_27424,360,0.8697
emd_27478,320,0.83000004
emd_27690,300,1.08
emd_31330,240,1.087
emd_31334,320,1.087
emd_31976,160,1.245
emd_32063,384,1.05
emd_32077,384,1.1
emd_32145,146,1.10667
emd_32451,240,1.0825
emd_32475,240,1.0825
emd_33032,384,1.05
emd_33036,384,1.05
emd_33646,364,1.06
emd_33648,364,1.06
emd_13170,720,0.55333334
emd_13608,480,0.652
emd_13751,300,1.086
emd_13753,320,1.06
emd_13930,192,1.7199999
emd_14427,210,1.06
emd_14556,310,2.0378113
emd_25165,256,1.015
emd_25173,300,1.08
emd_25176,300,1.08
emd_25535,400,0.95
emd_25537,400,0.95
emd_25538,400,0.95
emd_25744,400,1.058
emd_26618,280,1.1
emd_26833,256,0.8521
emd_27329,384,0.7093
emd_31582,480,0.85
emd_31618,256,1.1
emd_31810,256,0.858
emd_31815,320,0.858
emd_31948,220,1.307
emd_32243,320,0.85
emd_32245,192,1.4666667
emd_32247,256,1.04
emd_32901,320,1.064
emd_33035,384,1.05
emd_33272,256,1.1
emd_33300,256,0.82
emd_33446,192,1.014
emd_33700,182,2.2
emd_33702,182,2.2
emd_33703,182,2.2
emd_33704,182,2.2
emd_33705,182,2.2
emd_13743,320,1.086
emd_13752,300,1.086
emd_14999,320,1.065
emd_15000,320,1.065
emd_25074,256,1.015
emd_25171,300,1.08
emd_25395,200,0.99019
emd_25525,156,1.34564
emd_25539,400,0.95
emd_25743,400,1.058
emd_26379,512,1.08
emd_26617,320,0.825
emd_26619,280,1.1
emd_26835,384,0.8521001
emd_26837,256,1.066
emd_27328,384,0.7093
emd_27631,210,2.166
emd_31580,480,0.85
emd_31581,480,0.85
emd_31620,256,1.1
emd_31669,486,1.1
emd_31670,336,1.09
emd_31806,256,0.858
emd_31907,160,1.4
emd_31909,200,1.4
emd_32244,320,0.85
emd_33271,256,1.1
emd_33442,200,1.08
emd_33443,200,1.08
emd_33444,200,1.071
emd_13113,480,1.06
emd_13114,480,1.06
emd_13420,432,1.06
emd_15001,320,1.065
emd_15002,320,1.065
emd_15003,320,1.065
emd_15086,360,1.047
emd_15396,384,2.489
emd_24947,400,0.856
emd_25710,430,1.0780001
emd_26599,256,0.91
emd_26707,280,0.83
emd_26940,380,0.415
emd_26954,422,0.41499996
emd_26955,406,0.41499996
emd_26958,452,0.415
emd_26961,300,1.069
emd_26973,294,0.415
emd_26979,406,0.41499996
emd_26992,180,1.115
emd_27236,224,1.15
emd_27237,224,1.15
emd_27241,224,1.15
emd_27242,224,0.91
emd_32078,360,0.87
emd_32638,480,1.07
emd_32646,384,0.82
emd_32902,384,1.064
emd_33243,320,0.88
emd_33245,320,0.88
emd_33453,360,1.061
emd_33456,360,1.061
emd_33458,360,1.061
emd_33459,360,1.061
emd_33554,320,0.675
emd_12554,450,1.06
emd_13799,256,1.06
emd_14763,432,0.8600001
emd_24948,400,0.856
emd_25373,304,0.866
emd_25542,400,0.95
emd_25824,370,1.09
emd_26397,256,1.1
emd_26598,256,0.91
emd_26710,280,0.83
emd_26874,398,0.415
emd_26918,288,0.415
emd_26944,312,0.415
emd_26951,266,0.415
emd_26953,286,0.415
emd_26960,450,0.83
emd_26975,260,0.415
emd_26988,450,0.83
emd_27234,224,1.15
emd_27235,224,1.15
emd_27240,224,1.15
emd_27430,400,0.829
emd_27431,400,0.831
emd_31531,700,2.21
emd_32647,384,0.82
emd_32648,384,0.82
emd_32651,240,1.064
emd_33244,320,0.88
emd_33246,320,0.88
emd_33359,188,1.014
emd_33362,192,1.014
emd_33455,360,1.061
emd_33460,360,1.061
emd_33555,320,0.675
emd_33556,320,0.675
emd_13802,360,1.06
emd_14077,256,1.1672
emd_15072,360,1.047
emd_24946,400,0.856
emd_24949,400,0.856
emd_25374,304,0.866
emd_25546,400,0.95
emd_25547,400,0.95
emd_25549,400,0.95
emd_25550,400,0.95
emd_25551,400,0.95
emd_25553,400,0.95
emd_25554,400,0.95
emd_25555,400,0.95
emd_25556,400,0.95
emd_25597,400,0.95
emd_25598,400,0.95
emd_25599,400,0.95
emd_25709,430,1.08
emd_26192,512,1.08
emd_26398,110,2.6763635
emd_26399,110,2.6763635
emd_26400,110,2.6763635
emd_26519,384,1.0922
emd_26567,300,0.84
emd_26597,256,0.91
emd_26917,276,0.415
emd_26919,242,0.415
emd_26943,900,0.415
emd_26952,262,0.415
emd_26978,344,0.415
emd_32639,480,1.07
emd_33233,240,1.0825
emd_33242,320,0.88
emd_33515,280,0.93
emd_33557,320,0.675
emd_11982,380,0.83
emd_12982,360,0.82000005
emd_14715,528,0.818
emd_25432,216,1.08
emd_25527,400,0.95
emd_25528,400,0.95
emd_25533,400,0.95
emd_25585,288,1.079
emd_26866,400,1.1
emd_27021,324,0.9142
emd_27022,324,0.9142
emd_27239,224,1.15
emd_31518,400,1.12
emd_31842,450,0.88
emd_31853,300,0.88
emd_31860,400,0.88
emd_31863,400,0.88
emd_31473,128,3.575
emd_31873,450,0.81
emd_31914,256,1.0825
emd_32080,360,0.874
emd_32081,360,0.874
emd_32552,320,1.064
emd_32553,480,1.064
emd_33108,256,1.045
emd_33211,320,1.07
emd_33324,320,1.07
emd_33461,360,1.061
emd_33462,360,1.061
emd_33464,360,1.061
emd_33601,240,1.076
emd_33707,288,0.6975
emd_12975,360,0.82000005
emd_13111,480,1.06
emd_13342,360,0.82000005
emd_13980,540,0.83
emd_14539,300,1.06
emd_14543,260,1.06
emd_14544,300,1.072
emd_14575,300,1.06
emd_14714,528,0.818
emd_15233,400,0.638
emd_25529,400,0.95
emd_25531,400,0.95
emd_25541,400,0.95
emd_25543,400,0.95
emd_25544,400,0.95
emd_25570,360,1.12
emd_25571,360,1.12
emd_26863,256,1.36
emd_27129,400,0.83
emd_27133,400,0.83
emd_27134,400,0.83
emd_31513,256,1.36
emd_31515,300,1.1
emd_31845,450,0.88
emd_31849,300,0.88
emd_31850,300,0.88
emd_31857,300,0.88
emd_31858,300,0.88
emd_31866,400,0.88
emd_31868,400,0.81
emd_32373,240,1.07
emd_32591,180,1.06
emd_33107,256,1.045
emd_33144,300,0.6746
emd_33210,320,1.07
emd_33212,320,1.04
emd_33325,320,1.07
emd_13115,480,1.06
emd_14001,540,0.83
emd_25433,216,1.08
emd_25434,216,1.08
emd_25534,400,0.95
emd_25583,300,1.079
emd_25589,400,0.95
emd_25594,400,0.95
emd_25595,400,0.95
emd_25604,400,0.95
emd_25620,400,0.95
emd_26868,256,1.1
emd_26869,256,1.1
emd_27135,300,0.83
emd_31512,256,1.36
emd_31514,256,1.36
emd_31841,450,0.88
emd_31844,450,0.88
emd_31846,450,0.88
emd_31847,440,0.88000005
emd_31851,440,0.88000005
emd_31852,440,0.88000005
emd_31869,400,0.81
emd_31904,320,0.8433
emd_32543,256,0.829
emd_33019,360,1.07
emd_33103,240,1.1166667
emd_33602,240,1.076
emd_33666,192,0.98
emd_12987,256,0.82
emd_14117,208,1.294
emd_14169,352,1.09
emd_14618,113,0.85
emd_24406,240,1.073
emd_25590,400,0.95
emd_25591,400,0.95
emd_25592,400,0.95
emd_25593,400,0.95
emd_25600,400,0.95
emd_25601,400,0.95
emd_25750,260,1.06
emd_25813,360,0.83500004
emd_27203,420,1.2
emd_31506,256,1.36
emd_31508,256,1.36
emd_31509,256,1.36
emd_31510,256,1.36
emd_31516,256,1.12
emd_31517,300,1.12
emd_31562,200,0.86
emd_31848,440,0.88000005
emd_31855,440,0.88000005
emd_31856,440,0.88000005
emd_31859,400,0.88
emd_31862,400,0.88
emd_31865,400,0.88
emd_31867,450,0.81
emd_31870,400,0.81
emd_31872,450,0.81
emd_31940,320,2.24
emd_31942,256,2.24
emd_32374,240,1.07
emd_32375,240,1.07
emd_32376,240,1.07
emd_32670,576,0.778
emd_32671,576,0.778
emd_32672,576,0.778
emd_32673,576,0.778
emd_32675,576,0.778
emd_13485,400,0.86
emd_14115,416,0.647
emd_14116,208,1.294
emd_14224,200,1.06
emd_15017,220,1.06
emd_24791,400,1.06
emd_24927,400,1.06
emd_26385,360,1.3225
emd_26825,300,1.617
emd_26828,300,1.617
emd_26829,300,1.617
emd_26920,420,1.1
emd_26922,420,1.1
emd_26927,208,2.1382
emd_27061,400,1.07
emd_27067,400,1.07
emd_27069,400,1.07
emd_27072,320,1.332
emd_27073,320,1.329
emd_27074,400,1.07
emd_27080,256,1.672
emd_27196,256,1.03
emd_31496,512,0.5235
emd_31497,400,0.675
emd_31559,220,1.12
emd_31561,200,0.86
emd_32091,320,1.04
emd_32944,360,0.85
emd_33524,280,1.01
emd_33600,320,0.9700001
emd_13960,288,0.93
emd_14532,320,0.9
emd_14533,320,0.9
emd_14731,432,0.8600001
emd_25414,440,0.852
emd_25416,320,0.85200006
emd_25787,256,0.825
emd_25790,256,0.825
emd_25868,440,0.88000005
emd_25869,400,0.88
emd_26115,256,1.092
emd_26280,240,1.06
emd_26575,352,0.826
emd_26576,352,0.826
emd_26578,352,0.826
emd_26579,352,0.826
emd_26627,384,0.8500001
emd_26826,300,1.617
emd_26926,420,1.1
emd_31398,360,1.04
emd_31478,270,1.014
emd_32964,180,1.087
emd_32978,360,1.356
emd_33057,256,1.071
emd_33058,256,1.071
emd_33230,180,1.087
emd_33231,180,1.087
emd_33305,256,1.06
emd_33306,256,1.06
emd_13255,256,0.859
emd_25870,400,0.88
emd_25871,400,0.88
emd_26233,400,1.4319999
emd_26633,512,0.85
emd_27104,400,1.1
emd_27202,256,1.083
emd_27222,320,1.083
emd_31411,580,1.0660001
emd_31412,580,1.0660001
emd_31413,580,1.0660001
emd_31414,580,1.0660001
emd_31446,196,0.996
emd_31477,400,0.82
emd_32317,400,1.338
emd_32480,320,1.07
emd_32745,360,1.08
emd_32747,360,1.08
emd_32988,440,1.07
emd_33194,320,1.06
emd_33195,320,1.06
emd_13053,200,1.296
emd_13935,184,1.09
emd_14441,480,0.8357
emd_14442,420,0.9550952
emd_14510,384,1.094
emd_14511,200,1.094
emd_14513,256,0.8512
emd_24490,256,1.14413
emd_25376,512,0.84
emd_26634,512,0.85
emd_26993,288,0.727
emd_27107,400,1.1
emd_30826,240,1.061
emd_31416,580,1.0660001
emd_31445,194,0.996
emd_31454,350,1.07
emd_31547,240,1.01
